Year,Year ending,Local Government Area,Age Group,AFM Counter
2025,June,Alpine,00 - 17 years,10
2025,June,Alpine,18 - 24 years,21
2025,June,Alpine,25 - 34 years,22
2025,June,Alpine,35 - 44 years,37
2025,June,Alpine,45 - 54 years,35
2025,June,Alpine,55+ years,39
2025,June,Ararat,00 - 17 years,33
2025,June,Ararat,18 - 24 years,26
2025,June,Ararat,25 - 34 years,99
2025,June,Ararat,35 - 44 years,61
2025,June,Ararat,45 - 54 years,50
2025,June,Ararat,55+ years,44
2025,June,Ballarat,00 - 17 years,316
2025,June,Ballarat,18 - 24 years,472
2025,June,Ballarat,25 - 34 years,673
2025,June,Ballarat,35 - 44 years,680
2025,June,Ballarat,45 - 54 years,499
2025,June,Ballarat,55+ years,352
2025,June,Banyule,00 - 17 years,86
2025,June,Banyule,18 - 24 years,179
2025,June,Banyule,25 - 34 years,290
2025,June,Banyule,35 - 44 years,388
2025,June,Banyule,45 - 54 years,263
2025,June,Banyule,55+ years,306
2025,June,Bass Coast,00 - 17 years,76
2025,June,Bass Coast,18 - 24 years,94
2025,June,Bass Coast,25 - 34 years,163
2025,June,Bass Coast,35 - 44 years,240
2025,June,Bass Coast,45 - 54 years,170
2025,June,Bass Coast,55+ years,177
2025,June,Baw Baw,00 - 17 years,115
2025,June,Baw Baw,18 - 24 years,113
2025,June,Baw Baw,25 - 34 years,291
2025,June,Baw Baw,35 - 44 years,384
2025,June,Baw Baw,45 - 54 years,181
2025,June,Baw Baw,55+ years,187
2025,June,Bayside,00 - 17 years,137
2025,June,Bayside,18 - 24 years,69
2025,June,Bayside,25 - 34 years,108
2025,June,Bayside,35 - 44 years,149
2025,June,Bayside,45 - 54 years,174
2025,June,Bayside,55+ years,166
2025,June,Benalla,00 - 17 years,38
2025,June,Benalla,18 - 24 years,36
2025,June,Benalla,25 - 34 years,117
2025,June,Benalla,35 - 44 years,84
2025,June,Benalla,45 - 54 years,61
2025,June,Benalla,55+ years,69
2025,June,Boroondara,00 - 17 years,100
2025,June,Boroondara,18 - 24 years,95
2025,June,Boroondara,25 - 34 years,206
2025,June,Boroondara,35 - 44 years,249
2025,June,Boroondara,45 - 54 years,229
2025,June,Boroondara,55+ years,200
2025,June,Brimbank,00 - 17 years,151
2025,June,Brimbank,18 - 24 years,313
2025,June,Brimbank,25 - 34 years,624
2025,June,Brimbank,35 - 44 years,700
2025,June,Brimbank,45 - 54 years,501
2025,June,Brimbank,55+ years,590
2025,June,Buloke,00 - 17 years,4
2025,June,Buloke,18 - 24 years,6
2025,June,Buloke,25 - 34 years,29
2025,June,Buloke,35 - 44 years,19
2025,June,Buloke,45 - 54 years,8
2025,June,Buloke,55+ years,14
2025,June,Campaspe,00 - 17 years,76
2025,June,Campaspe,18 - 24 years,87
2025,June,Campaspe,25 - 34 years,209
2025,June,Campaspe,35 - 44 years,226
2025,June,Campaspe,45 - 54 years,119
2025,June,Campaspe,55+ years,128
2025,June,Cardinia,00 - 17 years,205
2025,June,Cardinia,18 - 24 years,191
2025,June,Cardinia,25 - 34 years,517
2025,June,Cardinia,35 - 44 years,587
2025,June,Cardinia,45 - 54 years,324
2025,June,Cardinia,55+ years,235
2025,June,Casey,00 - 17 years,495
2025,June,Casey,18 - 24 years,654
2025,June,Casey,25 - 34 years,1672
2025,June,Casey,35 - 44 years,1777
2025,June,Casey,45 - 54 years,991
2025,June,Casey,55+ years,815
2025,June,Central Goldfields,00 - 17 years,44
2025,June,Central Goldfields,18 - 24 years,49
2025,June,Central Goldfields,25 - 34 years,110
2025,June,Central Goldfields,35 - 44 years,68
2025,June,Central Goldfields,45 - 54 years,59
2025,June,Central Goldfields,55+ years,76
2025,June,Colac-Otway,00 - 17 years,44
2025,June,Colac-Otway,18 - 24 years,62
2025,June,Colac-Otway,25 - 34 years,112
2025,June,Colac-Otway,35 - 44 years,143
2025,June,Colac-Otway,45 - 54 years,49
2025,June,Colac-Otway,55+ years,73
2025,June,Corangamite,00 - 17 years,33
2025,June,Corangamite,18 - 24 years,37
2025,June,Corangamite,25 - 34 years,51
2025,June,Corangamite,35 - 44 years,44
2025,June,Corangamite,45 - 54 years,27
2025,June,Corangamite,55+ years,31
2025,June,Darebin,00 - 17 years,103
2025,June,Darebin,18 - 24 years,182
2025,June,Darebin,25 - 34 years,504
2025,June,Darebin,35 - 44 years,471
2025,June,Darebin,45 - 54 years,299
2025,June,Darebin,55+ years,321
2025,June,East Gippsland,00 - 17 years,211
2025,June,East Gippsland,18 - 24 years,337
2025,June,East Gippsland,25 - 34 years,464
2025,June,East Gippsland,35 - 44 years,555
2025,June,East Gippsland,45 - 54 years,418
2025,June,East Gippsland,55+ years,486
2025,June,Frankston,00 - 17 years,322
2025,June,Frankston,18 - 24 years,310
2025,June,Frankston,25 - 34 years,596
2025,June,Frankston,35 - 44 years,795
2025,June,Frankston,45 - 54 years,599
2025,June,Frankston,55+ years,455
2025,June,Gannawarra,00 - 17 years,20
2025,June,Gannawarra,18 - 24 years,36
2025,June,Gannawarra,25 - 34 years,54
2025,June,Gannawarra,35 - 44 years,38
2025,June,Gannawarra,45 - 54 years,52
2025,June,Gannawarra,55+ years,39
2025,June,Glen Eira,00 - 17 years,221
2025,June,Glen Eira,18 - 24 years,82
2025,June,Glen Eira,25 - 34 years,184
2025,June,Glen Eira,35 - 44 years,285
2025,June,Glen Eira,45 - 54 years,182
2025,June,Glen Eira,55+ years,216
2025,June,Glenelg,00 - 17 years,50
2025,June,Glenelg,18 - 24 years,62
2025,June,Glenelg,25 - 34 years,140
2025,June,Glenelg,35 - 44 years,120
2025,June,Glenelg,45 - 54 years,81
2025,June,Glenelg,55+ years,61
2025,June,Golden Plains,00 - 17 years,23
2025,June,Golden Plains,18 - 24 years,24
2025,June,Golden Plains,25 - 34 years,45
2025,June,Golden Plains,35 - 44 years,80
2025,June,Golden Plains,45 - 54 years,50
2025,June,Golden Plains,55+ years,41
2025,June,Greater Bendigo,00 - 17 years,264
2025,June,Greater Bendigo,18 - 24 years,327
2025,June,Greater Bendigo,25 - 34 years,642
2025,June,Greater Bendigo,35 - 44 years,603
2025,June,Greater Bendigo,45 - 54 years,422
2025,June,Greater Bendigo,55+ years,392
2025,June,Greater Dandenong,00 - 17 years,194
2025,June,Greater Dandenong,18 - 24 years,347
2025,June,Greater Dandenong,25 - 34 years,762
2025,June,Greater Dandenong,35 - 44 years,713
2025,June,Greater Dandenong,45 - 54 years,426
2025,June,Greater Dandenong,55+ years,546
2025,June,Greater Geelong,00 - 17 years,405
2025,June,Greater Geelong,18 - 24 years,674
2025,June,Greater Geelong,25 - 34 years,1190
2025,June,Greater Geelong,35 - 44 years,1468
2025,June,Greater Geelong,45 - 54 years,976
2025,June,Greater Geelong,55+ years,813
2025,June,Greater Shepparton,00 - 17 years,249
2025,June,Greater Shepparton,18 - 24 years,280
2025,June,Greater Shepparton,25 - 34 years,640
2025,June,Greater Shepparton,35 - 44 years,589
2025,June,Greater Shepparton,45 - 54 years,362
2025,June,Greater Shepparton,55+ years,298
2025,June,Hepburn,00 - 17 years,14
2025,June,Hepburn,18 - 24 years,17
2025,June,Hepburn,25 - 34 years,25
2025,June,Hepburn,35 - 44 years,52
2025,June,Hepburn,45 - 54 years,51
2025,June,Hepburn,55+ years,37
2025,June,Hindmarsh,00 - 17 years,14
2025,June,Hindmarsh,18 - 24 years,8
2025,June,Hindmarsh,25 - 34 years,29
2025,June,Hindmarsh,35 - 44 years,28
2025,June,Hindmarsh,45 - 54 years,13
2025,June,Hindmarsh,55+ years,24
2025,June,Hobsons Bay,00 - 17 years,58
2025,June,Hobsons Bay,18 - 24 years,114
2025,June,Hobsons Bay,25 - 34 years,234
2025,June,Hobsons Bay,35 - 44 years,269
2025,June,Hobsons Bay,45 - 54 years,218
2025,June,Hobsons Bay,55+ years,176
2025,June,Horsham,00 - 17 years,107
2025,June,Horsham,18 - 24 years,125
2025,June,Horsham,25 - 34 years,211
2025,June,Horsham,35 - 44 years,88
2025,June,Horsham,45 - 54 years,91
2025,June,Horsham,55+ years,86
2025,June,Hume,00 - 17 years,305
2025,June,Hume,18 - 24 years,453
2025,June,Hume,25 - 34 years,895
2025,June,Hume,35 - 44 years,992
2025,June,Hume,45 - 54 years,576
2025,June,Hume,55+ years,611
2025,June,Indigo,00 - 17 years,12
2025,June,Indigo,18 - 24 years,13
2025,June,Indigo,25 - 34 years,19
2025,June,Indigo,35 - 44 years,53
2025,June,Indigo,45 - 54 years,42
2025,June,Indigo,55+ years,39
2025,June,Kingston,00 - 17 years,284
2025,June,Kingston,18 - 24 years,158
2025,June,Kingston,25 - 34 years,311
2025,June,Kingston,35 - 44 years,454
2025,June,Kingston,45 - 54 years,401
2025,June,Kingston,55+ years,427
2025,June,Knox,00 - 17 years,199
2025,June,Knox,18 - 24 years,196
2025,June,Knox,25 - 34 years,400
2025,June,Knox,35 - 44 years,464
2025,June,Knox,45 - 54 years,346
2025,June,Knox,55+ years,295
2025,June,Latrobe,00 - 17 years,310
2025,June,Latrobe,18 - 24 years,382
2025,June,Latrobe,25 - 34 years,814
2025,June,Latrobe,35 - 44 years,706
2025,June,Latrobe,45 - 54 years,401
2025,June,Latrobe,55+ years,379
2025,June,Loddon,00 - 17 years,10
2025,June,Loddon,18 - 24 years,23
2025,June,Loddon,25 - 34 years,31
2025,June,Loddon,35 - 44 years,29
2025,June,Loddon,45 - 54 years,13
2025,June,Loddon,55+ years,36
2025,June,Macedon Ranges,00 - 17 years,41
2025,June,Macedon Ranges,18 - 24 years,36
2025,June,Macedon Ranges,25 - 34 years,82
2025,June,Macedon Ranges,35 - 44 years,149
2025,June,Macedon Ranges,45 - 54 years,113
2025,June,Macedon Ranges,55+ years,119
2025,June,Manningham,00 - 17 years,101
2025,June,Manningham,18 - 24 years,75
2025,June,Manningham,25 - 34 years,96
2025,June,Manningham,35 - 44 years,195
2025,June,Manningham,45 - 54 years,222
2025,June,Manningham,55+ years,154
2025,June,Mansfield,00 - 17 years,2
2025,June,Mansfield,18 - 24 years,7
2025,June,Mansfield,25 - 34 years,24
2025,June,Mansfield,35 - 44 years,30
2025,June,Mansfield,45 - 54 years,25
2025,June,Mansfield,55+ years,25
2025,June,Maribyrnong,00 - 17 years,54
2025,June,Maribyrnong,18 - 24 years,157
2025,June,Maribyrnong,25 - 34 years,321
2025,June,Maribyrnong,35 - 44 years,288
2025,June,Maribyrnong,45 - 54 years,213
2025,June,Maribyrnong,55+ years,181
2025,June,Maroondah,00 - 17 years,157
2025,June,Maroondah,18 - 24 years,132
2025,June,Maroondah,25 - 34 years,318
2025,June,Maroondah,35 - 44 years,362
2025,June,Maroondah,45 - 54 years,259
2025,June,Maroondah,55+ years,248
2025,June,Melbourne,00 - 17 years,127
2025,June,Melbourne,18 - 24 years,477
2025,June,Melbourne,25 - 34 years,677
2025,June,Melbourne,35 - 44 years,491
2025,June,Melbourne,45 - 54 years,223
2025,June,Melbourne,55+ years,162
2025,June,Melton,00 - 17 years,220
2025,June,Melton,18 - 24 years,413
2025,June,Melton,25 - 34 years,1075
2025,June,Melton,35 - 44 years,983
2025,June,Melton,45 - 54 years,499
2025,June,Melton,55+ years,390
2025,June,Merri-bek,00 - 17 years,90
2025,June,Merri-bek,18 - 24 years,253
2025,June,Merri-bek,25 - 34 years,477
2025,June,Merri-bek,35 - 44 years,422
2025,June,Merri-bek,45 - 54 years,279
2025,June,Merri-bek,55+ years,341
2025,June,Mildura,00 - 17 years,262
2025,June,Mildura,18 - 24 years,300
2025,June,Mildura,25 - 34 years,492
2025,June,Mildura,35 - 44 years,577
2025,June,Mildura,45 - 54 years,265
2025,June,Mildura,55+ years,273
2025,June,Mitchell,00 - 17 years,117
2025,June,Mitchell,18 - 24 years,157
2025,June,Mitchell,25 - 34 years,348
2025,June,Mitchell,35 - 44 years,344
2025,June,Mitchell,45 - 54 years,214
2025,June,Mitchell,55+ years,183
2025,June,Moira,00 - 17 years,53
2025,June,Moira,18 - 24 years,57
2025,June,Moira,25 - 34 years,164
2025,June,Moira,35 - 44 years,158
2025,June,Moira,45 - 54 years,118
2025,June,Moira,55+ years,115
2025,June,Monash,00 - 17 years,157
2025,June,Monash,18 - 24 years,176
2025,June,Monash,25 - 34 years,327
2025,June,Monash,35 - 44 years,542
2025,June,Monash,45 - 54 years,300
2025,June,Monash,55+ years,400
2025,June,Moonee Valley,00 - 17 years,61
2025,June,Moonee Valley,18 - 24 years,111
2025,June,Moonee Valley,25 - 34 years,314
2025,June,Moonee Valley,35 - 44 years,322
2025,June,Moonee Valley,45 - 54 years,267
2025,June,Moonee Valley,55+ years,251
2025,June,Moorabool,00 - 17 years,48
2025,June,Moorabool,18 - 24 years,76
2025,June,Moorabool,25 - 34 years,168
2025,June,Moorabool,35 - 44 years,229
2025,June,Moorabool,45 - 54 years,156
2025,June,Moorabool,55+ years,98
2025,June,Mornington Peninsula,00 - 17 years,230
2025,June,Mornington Peninsula,18 - 24 years,185
2025,June,Mornington Peninsula,25 - 34 years,406
2025,June,Mornington Peninsula,35 - 44 years,612
2025,June,Mornington Peninsula,45 - 54 years,535
2025,June,Mornington Peninsula,55+ years,518
2025,June,Mount Alexander,00 - 17 years,23
2025,June,Mount Alexander,18 - 24 years,25
2025,June,Mount Alexander,25 - 34 years,37
2025,June,Mount Alexander,35 - 44 years,69
2025,June,Mount Alexander,45 - 54 years,65
2025,June,Mount Alexander,55+ years,71
2025,June,Moyne,00 - 17 years,34
2025,June,Moyne,18 - 24 years,28
2025,June,Moyne,25 - 34 years,52
2025,June,Moyne,35 - 44 years,41
2025,June,Moyne,45 - 54 years,37
2025,June,Moyne,55+ years,39
2025,June,Murrindindi,00 - 17 years,17
2025,June,Murrindindi,18 - 24 years,18
2025,June,Murrindindi,25 - 34 years,40
2025,June,Murrindindi,35 - 44 years,45
2025,June,Murrindindi,45 - 54 years,38
2025,June,Murrindindi,55+ years,41
2025,June,Nillumbik,00 - 17 years,34
2025,June,Nillumbik,18 - 24 years,73
2025,June,Nillumbik,25 - 34 years,74
2025,June,Nillumbik,35 - 44 years,142
2025,June,Nillumbik,45 - 54 years,112
2025,June,Nillumbik,55+ years,83
2025,June,Northern Grampians,00 - 17 years,30
2025,June,Northern Grampians,18 - 24 years,52
2025,June,Northern Grampians,25 - 34 years,77
2025,June,Northern Grampians,35 - 44 years,73
2025,June,Northern Grampians,45 - 54 years,57
2025,June,Northern Grampians,55+ years,46
2025,June,Port Phillip,00 - 17 years,130
2025,June,Port Phillip,18 - 24 years,161
2025,June,Port Phillip,25 - 34 years,495
2025,June,Port Phillip,35 - 44 years,420
2025,June,Port Phillip,45 - 54 years,237
2025,June,Port Phillip,55+ years,183
2025,June,Pyrenees,00 - 17 years,8
2025,June,Pyrenees,18 - 24 years,14
2025,June,Pyrenees,25 - 34 years,25
2025,June,Pyrenees,35 - 44 years,25
2025,June,Pyrenees,45 - 54 years,32
2025,June,Pyrenees,55+ years,17
2025,June,Queenscliffe,00 - 17 years,
2025,June,Queenscliffe,18 - 24 years,
2025,June,Queenscliffe,35 - 44 years,
2025,June,Queenscliffe,55+ years,
2025,June,South Gippsland,00 - 17 years,46
2025,June,South Gippsland,18 - 24 years,54
2025,June,South Gippsland,25 - 34 years,105
2025,June,South Gippsland,35 - 44 years,165
2025,June,South Gippsland,45 - 54 years,100
2025,June,South Gippsland,55+ years,128
2025,June,Southern Grampians,00 - 17 years,28
2025,June,Southern Grampians,18 - 24 years,38
2025,June,Southern Grampians,25 - 34 years,73
2025,June,Southern Grampians,35 - 44 years,105
2025,June,Southern Grampians,45 - 54 years,35
2025,June,Southern Grampians,55+ years,82
2025,June,Stonnington,00 - 17 years,88
2025,June,Stonnington,18 - 24 years,108
2025,June,Stonnington,25 - 34 years,290
2025,June,Stonnington,35 - 44 years,309
2025,June,Stonnington,45 - 54 years,161
2025,June,Stonnington,55+ years,168
2025,June,Strathbogie,00 - 17 years,13
2025,June,Strathbogie,18 - 24 years,6
2025,June,Strathbogie,25 - 34 years,35
2025,June,Strathbogie,35 - 44 years,43
2025,June,Strathbogie,45 - 54 years,43
2025,June,Strathbogie,55+ years,44
2025,June,Surf Coast,00 - 17 years,29
2025,June,Surf Coast,18 - 24 years,24
2025,June,Surf Coast,25 - 34 years,45
2025,June,Surf Coast,35 - 44 years,86
2025,June,Surf Coast,45 - 54 years,105
2025,June,Surf Coast,55+ years,49
2025,June,Swan Hill,00 - 17 years,83
2025,June,Swan Hill,18 - 24 years,77
2025,June,Swan Hill,25 - 34 years,147
2025,June,Swan Hill,35 - 44 years,141
2025,June,Swan Hill,45 - 54 years,86
2025,June,Swan Hill,55+ years,101
2025,June,Towong,00 - 17 years,5
2025,June,Towong,18 - 24 years,12
2025,June,Towong,25 - 34 years,12
2025,June,Towong,35 - 44 years,17
2025,June,Towong,45 - 54 years,19
2025,June,Towong,55+ years,15
2025,June,Wangaratta,00 - 17 years,68
2025,June,Wangaratta,18 - 24 years,94
2025,June,Wangaratta,25 - 34 years,155
2025,June,Wangaratta,35 - 44 years,160
2025,June,Wangaratta,45 - 54 years,124
2025,June,Wangaratta,55+ years,100
2025,June,Warrnambool,00 - 17 years,91
2025,June,Warrnambool,18 - 24 years,91
2025,June,Warrnambool,25 - 34 years,189
2025,June,Warrnambool,35 - 44 years,182
2025,June,Warrnambool,45 - 54 years,152
2025,June,Warrnambool,55+ years,155
2025,June,Wellington,00 - 17 years,165
2025,June,Wellington,18 - 24 years,204
2025,June,Wellington,25 - 34 years,343
2025,June,Wellington,35 - 44 years,293
2025,June,Wellington,45 - 54 years,242
2025,June,Wellington,55+ years,238
2025,June,West Wimmera,00 - 17 years,4
2025,June,West Wimmera,18 - 24 years,2
2025,June,West Wimmera,25 - 34 years,14
2025,June,West Wimmera,35 - 44 years,31
2025,June,West Wimmera,45 - 54 years,8
2025,June,West Wimmera,55+ years,10
2025,June,Whitehorse,00 - 17 years,136
2025,June,Whitehorse,18 - 24 years,131
2025,June,Whitehorse,25 - 34 years,310
2025,June,Whitehorse,35 - 44 years,355
2025,June,Whitehorse,45 - 54 years,265
2025,June,Whitehorse,55+ years,272
2025,June,Whittlesea,00 - 17 years,155
2025,June,Whittlesea,18 - 24 years,328
2025,June,Whittlesea,25 - 34 years,760
2025,June,Whittlesea,35 - 44 years,985
2025,June,Whittlesea,45 - 54 years,568
2025,June,Whittlesea,55+ years,482
2025,June,Wodonga,00 - 17 years,118
2025,June,Wodonga,18 - 24 years,136
2025,June,Wodonga,25 - 34 years,267
2025,June,Wodonga,35 - 44 years,293
2025,June,Wodonga,45 - 54 years,157
2025,June,Wodonga,55+ years,137
2025,June,Wyndham,00 - 17 years,253
2025,June,Wyndham,18 - 24 years,494
2025,June,Wyndham,25 - 34 years,1168
2025,June,Wyndham,35 - 44 years,1229
2025,June,Wyndham,45 - 54 years,558
2025,June,Wyndham,55+ years,400
2025,June,Yarra,00 - 17 years,101
2025,June,Yarra,18 - 24 years,125
2025,June,Yarra,25 - 34 years,359
2025,June,Yarra,35 - 44 years,332
2025,June,Yarra,45 - 54 years,243
2025,June,Yarra,55+ years,170
2025,June,Yarra Ranges,00 - 17 years,220
2025,June,Yarra Ranges,18 - 24 years,204
2025,June,Yarra Ranges,25 - 34 years,342
2025,June,Yarra Ranges,35 - 44 years,481
2025,June,Yarra Ranges,45 - 54 years,393
2025,June,Yarra Ranges,55+ years,356
2025,June,Yarriambiack,00 - 17 years,17
2025,June,Yarriambiack,18 - 24 years,20
2025,June,Yarriambiack,25 - 34 years,30
2025,June,Yarriambiack,35 - 44 years,34
2025,June,Yarriambiack,45 - 54 years,28
2025,June,Yarriambiack,55+ years,24
2024,June,Alpine,00 - 17 years,20
2024,June,Alpine,18 - 24 years,16
2024,June,Alpine,25 - 34 years,20
2024,June,Alpine,35 - 44 years,32
2024,June,Alpine,45 - 54 years,21
2024,June,Alpine,55+ years,17
2024,June,Ararat,00 - 17 years,33
2024,June,Ararat,18 - 24 years,33
2024,June,Ararat,25 - 34 years,105
2024,June,Ararat,35 - 44 years,41
2024,June,Ararat,45 - 54 years,48
2024,June,Ararat,55+ years,59
2024,June,Ballarat,00 - 17 years,276
2024,June,Ballarat,18 - 24 years,359
2024,June,Ballarat,25 - 34 years,592
2024,June,Ballarat,35 - 44 years,604
2024,June,Ballarat,45 - 54 years,435
2024,June,Ballarat,55+ years,284
2024,June,Banyule,00 - 17 years,100
2024,June,Banyule,18 - 24 years,132
2024,June,Banyule,25 - 34 years,254
2024,June,Banyule,35 - 44 years,348
2024,June,Banyule,45 - 54 years,294
2024,June,Banyule,55+ years,270
2024,June,Bass Coast,00 - 17 years,110
2024,June,Bass Coast,18 - 24 years,96
2024,June,Bass Coast,25 - 34 years,152
2024,June,Bass Coast,35 - 44 years,192
2024,June,Bass Coast,45 - 54 years,148
2024,June,Bass Coast,55+ years,154
2024,June,Baw Baw,00 - 17 years,162
2024,June,Baw Baw,18 - 24 years,99
2024,June,Baw Baw,25 - 34 years,285
2024,June,Baw Baw,35 - 44 years,348
2024,June,Baw Baw,45 - 54 years,183
2024,June,Baw Baw,55+ years,204
2024,June,Bayside,00 - 17 years,96
2024,June,Bayside,18 - 24 years,48
2024,June,Bayside,25 - 34 years,110
2024,June,Bayside,35 - 44 years,146
2024,June,Bayside,45 - 54 years,179
2024,June,Bayside,55+ years,158
2024,June,Benalla,00 - 17 years,32
2024,June,Benalla,18 - 24 years,39
2024,June,Benalla,25 - 34 years,63
2024,June,Benalla,35 - 44 years,95
2024,June,Benalla,45 - 54 years,49
2024,June,Benalla,55+ years,66
2024,June,Boroondara,00 - 17 years,183
2024,June,Boroondara,18 - 24 years,97
2024,June,Boroondara,25 - 34 years,201
2024,June,Boroondara,35 - 44 years,195
2024,June,Boroondara,45 - 54 years,198
2024,June,Boroondara,55+ years,182
2024,June,Brimbank,00 - 17 years,164
2024,June,Brimbank,18 - 24 years,322
2024,June,Brimbank,25 - 34 years,646
2024,June,Brimbank,35 - 44 years,759
2024,June,Brimbank,45 - 54 years,485
2024,June,Brimbank,55+ years,576
2024,June,Buloke,00 - 17 years,7
2024,June,Buloke,18 - 24 years,2
2024,June,Buloke,25 - 34 years,17
2024,June,Buloke,35 - 44 years,24
2024,June,Buloke,45 - 54 years,2
2024,June,Buloke,55+ years,7
2024,June,Campaspe,00 - 17 years,78
2024,June,Campaspe,18 - 24 years,106
2024,June,Campaspe,25 - 34 years,194
2024,June,Campaspe,35 - 44 years,193
2024,June,Campaspe,45 - 54 years,112
2024,June,Campaspe,55+ years,138
2024,June,Cardinia,00 - 17 years,162
2024,June,Cardinia,18 - 24 years,159
2024,June,Cardinia,25 - 34 years,417
2024,June,Cardinia,35 - 44 years,495
2024,June,Cardinia,45 - 54 years,260
2024,June,Cardinia,55+ years,180
2024,June,Casey,00 - 17 years,439
2024,June,Casey,18 - 24 years,657
2024,June,Casey,25 - 34 years,1418
2024,June,Casey,35 - 44 years,1593
2024,June,Casey,45 - 54 years,862
2024,June,Casey,55+ years,701
2024,June,Central Goldfields,00 - 17 years,34
2024,June,Central Goldfields,18 - 24 years,37
2024,June,Central Goldfields,25 - 34 years,94
2024,June,Central Goldfields,35 - 44 years,74
2024,June,Central Goldfields,45 - 54 years,71
2024,June,Central Goldfields,55+ years,44
2024,June,Colac-Otway,00 - 17 years,41
2024,June,Colac-Otway,18 - 24 years,72
2024,June,Colac-Otway,25 - 34 years,93
2024,June,Colac-Otway,35 - 44 years,112
2024,June,Colac-Otway,45 - 54 years,63
2024,June,Colac-Otway,55+ years,65
2024,June,Corangamite,00 - 17 years,9
2024,June,Corangamite,18 - 24 years,33
2024,June,Corangamite,25 - 34 years,52
2024,June,Corangamite,35 - 44 years,55
2024,June,Corangamite,45 - 54 years,28
2024,June,Corangamite,55+ years,35
2024,June,Darebin,00 - 17 years,89
2024,June,Darebin,18 - 24 years,177
2024,June,Darebin,25 - 34 years,410
2024,June,Darebin,35 - 44 years,399
2024,June,Darebin,45 - 54 years,286
2024,June,Darebin,55+ years,383
2024,June,East Gippsland,00 - 17 years,189
2024,June,East Gippsland,18 - 24 years,246
2024,June,East Gippsland,25 - 34 years,343
2024,June,East Gippsland,35 - 44 years,498
2024,June,East Gippsland,45 - 54 years,316
2024,June,East Gippsland,55+ years,400
2024,June,Frankston,00 - 17 years,310
2024,June,Frankston,18 - 24 years,269
2024,June,Frankston,25 - 34 years,595
2024,June,Frankston,35 - 44 years,757
2024,June,Frankston,45 - 54 years,611
2024,June,Frankston,55+ years,476
2024,June,Gannawarra,00 - 17 years,15
2024,June,Gannawarra,18 - 24 years,25
2024,June,Gannawarra,25 - 34 years,62
2024,June,Gannawarra,35 - 44 years,32
2024,June,Gannawarra,45 - 54 years,49
2024,June,Gannawarra,55+ years,29
2024,June,Glen Eira,00 - 17 years,174
2024,June,Glen Eira,18 - 24 years,76
2024,June,Glen Eira,25 - 34 years,212
2024,June,Glen Eira,35 - 44 years,250
2024,June,Glen Eira,45 - 54 years,178
2024,June,Glen Eira,55+ years,189
2024,June,Glenelg,00 - 17 years,41
2024,June,Glenelg,18 - 24 years,63
2024,June,Glenelg,25 - 34 years,144
2024,June,Glenelg,35 - 44 years,99
2024,June,Glenelg,45 - 54 years,70
2024,June,Glenelg,55+ years,64
2024,June,Golden Plains,00 - 17 years,18
2024,June,Golden Plains,18 - 24 years,31
2024,June,Golden Plains,25 - 34 years,33
2024,June,Golden Plains,35 - 44 years,57
2024,June,Golden Plains,45 - 54 years,43
2024,June,Golden Plains,55+ years,41
2024,June,Greater Bendigo,00 - 17 years,297
2024,June,Greater Bendigo,18 - 24 years,266
2024,June,Greater Bendigo,25 - 34 years,638
2024,June,Greater Bendigo,35 - 44 years,629
2024,June,Greater Bendigo,45 - 54 years,414
2024,June,Greater Bendigo,55+ years,327
2024,June,Greater Dandenong,00 - 17 years,176
2024,June,Greater Dandenong,18 - 24 years,290
2024,June,Greater Dandenong,25 - 34 years,639
2024,June,Greater Dandenong,35 - 44 years,616
2024,June,Greater Dandenong,45 - 54 years,356
2024,June,Greater Dandenong,55+ years,545
2024,June,Greater Geelong,00 - 17 years,368
2024,June,Greater Geelong,18 - 24 years,606
2024,June,Greater Geelong,25 - 34 years,1124
2024,June,Greater Geelong,35 - 44 years,1296
2024,June,Greater Geelong,45 - 54 years,887
2024,June,Greater Geelong,55+ years,759
2024,June,Greater Shepparton,00 - 17 years,161
2024,June,Greater Shepparton,18 - 24 years,313
2024,June,Greater Shepparton,25 - 34 years,575
2024,June,Greater Shepparton,35 - 44 years,475
2024,June,Greater Shepparton,45 - 54 years,307
2024,June,Greater Shepparton,55+ years,211
2024,June,Hepburn,00 - 17 years,20
2024,June,Hepburn,18 - 24 years,9
2024,June,Hepburn,25 - 34 years,27
2024,June,Hepburn,35 - 44 years,41
2024,June,Hepburn,45 - 54 years,58
2024,June,Hepburn,55+ years,46
2024,June,Hindmarsh,00 - 17 years,15
2024,June,Hindmarsh,18 - 24 years,10
2024,June,Hindmarsh,25 - 34 years,22
2024,June,Hindmarsh,35 - 44 years,15
2024,June,Hindmarsh,45 - 54 years,13
2024,June,Hindmarsh,55+ years,23
2024,June,Hobsons Bay,00 - 17 years,58
2024,June,Hobsons Bay,18 - 24 years,95
2024,June,Hobsons Bay,25 - 34 years,225
2024,June,Hobsons Bay,35 - 44 years,270
2024,June,Hobsons Bay,45 - 54 years,213
2024,June,Hobsons Bay,55+ years,155
2024,June,Horsham,00 - 17 years,77
2024,June,Horsham,18 - 24 years,150
2024,June,Horsham,25 - 34 years,195
2024,June,Horsham,35 - 44 years,116
2024,June,Horsham,45 - 54 years,98
2024,June,Horsham,55+ years,59
2024,June,Hume,00 - 17 years,329
2024,June,Hume,18 - 24 years,448
2024,June,Hume,25 - 34 years,925
2024,June,Hume,35 - 44 years,890
2024,June,Hume,45 - 54 years,538
2024,June,Hume,55+ years,454
2024,June,Indigo,00 - 17 years,19
2024,June,Indigo,18 - 24 years,11
2024,June,Indigo,25 - 34 years,31
2024,June,Indigo,35 - 44 years,42
2024,June,Indigo,45 - 54 years,43
2024,June,Indigo,55+ years,27
2024,June,Kingston,00 - 17 years,247
2024,June,Kingston,18 - 24 years,129
2024,June,Kingston,25 - 34 years,312
2024,June,Kingston,35 - 44 years,429
2024,June,Kingston,45 - 54 years,352
2024,June,Kingston,55+ years,327
2024,June,Knox,00 - 17 years,201
2024,June,Knox,18 - 24 years,183
2024,June,Knox,25 - 34 years,384
2024,June,Knox,35 - 44 years,484
2024,June,Knox,45 - 54 years,402
2024,June,Knox,55+ years,325
2024,June,Latrobe,00 - 17 years,361
2024,June,Latrobe,18 - 24 years,393
2024,June,Latrobe,25 - 34 years,858
2024,June,Latrobe,35 - 44 years,645
2024,June,Latrobe,45 - 54 years,424
2024,June,Latrobe,55+ years,335
2024,June,Loddon,00 - 17 years,12
2024,June,Loddon,18 - 24 years,10
2024,June,Loddon,25 - 34 years,17
2024,June,Loddon,35 - 44 years,20
2024,June,Loddon,45 - 54 years,21
2024,June,Loddon,55+ years,31
2024,June,Macedon Ranges,00 - 17 years,49
2024,June,Macedon Ranges,18 - 24 years,51
2024,June,Macedon Ranges,25 - 34 years,91
2024,June,Macedon Ranges,35 - 44 years,128
2024,June,Macedon Ranges,45 - 54 years,109
2024,June,Macedon Ranges,55+ years,89
2024,June,Manningham,00 - 17 years,190
2024,June,Manningham,18 - 24 years,89
2024,June,Manningham,25 - 34 years,138
2024,June,Manningham,35 - 44 years,244
2024,June,Manningham,45 - 54 years,172
2024,June,Manningham,55+ years,174
2024,June,Mansfield,00 - 17 years,9
2024,June,Mansfield,18 - 24 years,6
2024,June,Mansfield,25 - 34 years,32
2024,June,Mansfield,35 - 44 years,32
2024,June,Mansfield,45 - 54 years,33
2024,June,Mansfield,55+ years,16
2024,June,Maribyrnong,00 - 17 years,47
2024,June,Maribyrnong,18 - 24 years,137
2024,June,Maribyrnong,25 - 34 years,298
2024,June,Maribyrnong,35 - 44 years,284
2024,June,Maribyrnong,45 - 54 years,159
2024,June,Maribyrnong,55+ years,189
2024,June,Maroondah,00 - 17 years,135
2024,June,Maroondah,18 - 24 years,143
2024,June,Maroondah,25 - 34 years,256
2024,June,Maroondah,35 - 44 years,350
2024,June,Maroondah,45 - 54 years,274
2024,June,Maroondah,55+ years,235
2024,June,Melbourne,00 - 17 years,100
2024,June,Melbourne,18 - 24 years,440
2024,June,Melbourne,25 - 34 years,645
2024,June,Melbourne,35 - 44 years,510
2024,June,Melbourne,45 - 54 years,253
2024,June,Melbourne,55+ years,174
2024,June,Melton,00 - 17 years,209
2024,June,Melton,18 - 24 years,369
2024,June,Melton,25 - 34 years,929
2024,June,Melton,35 - 44 years,876
2024,June,Melton,45 - 54 years,455
2024,June,Melton,55+ years,345
2024,June,Merri-bek,00 - 17 years,118
2024,June,Merri-bek,18 - 24 years,211
2024,June,Merri-bek,25 - 34 years,441
2024,June,Merri-bek,35 - 44 years,389
2024,June,Merri-bek,45 - 54 years,284
2024,June,Merri-bek,55+ years,327
2024,June,Mildura,00 - 17 years,233
2024,June,Mildura,18 - 24 years,302
2024,June,Mildura,25 - 34 years,509
2024,June,Mildura,35 - 44 years,545
2024,June,Mildura,45 - 54 years,194
2024,June,Mildura,55+ years,266
2024,June,Mitchell,00 - 17 years,93
2024,June,Mitchell,18 - 24 years,146
2024,June,Mitchell,25 - 34 years,322
2024,June,Mitchell,35 - 44 years,366
2024,June,Mitchell,45 - 54 years,237
2024,June,Mitchell,55+ years,152
2024,June,Moira,00 - 17 years,63
2024,June,Moira,18 - 24 years,71
2024,June,Moira,25 - 34 years,160
2024,June,Moira,35 - 44 years,143
2024,June,Moira,45 - 54 years,108
2024,June,Moira,55+ years,95
2024,June,Monash,00 - 17 years,273
2024,June,Monash,18 - 24 years,150
2024,June,Monash,25 - 34 years,369
2024,June,Monash,35 - 44 years,424
2024,June,Monash,45 - 54 years,329
2024,June,Monash,55+ years,365
2024,June,Moonee Valley,00 - 17 years,79
2024,June,Moonee Valley,18 - 24 years,126
2024,June,Moonee Valley,25 - 34 years,325
2024,June,Moonee Valley,35 - 44 years,316
2024,June,Moonee Valley,45 - 54 years,282
2024,June,Moonee Valley,55+ years,211
2024,June,Moorabool,00 - 17 years,61
2024,June,Moorabool,18 - 24 years,45
2024,June,Moorabool,25 - 34 years,150
2024,June,Moorabool,35 - 44 years,173
2024,June,Moorabool,45 - 54 years,87
2024,June,Moorabool,55+ years,102
2024,June,Mornington Peninsula,00 - 17 years,236
2024,June,Mornington Peninsula,18 - 24 years,209
2024,June,Mornington Peninsula,25 - 34 years,388
2024,June,Mornington Peninsula,35 - 44 years,543
2024,June,Mornington Peninsula,45 - 54 years,435
2024,June,Mornington Peninsula,55+ years,449
2024,June,Mount Alexander,00 - 17 years,27
2024,June,Mount Alexander,18 - 24 years,10
2024,June,Mount Alexander,25 - 34 years,37
2024,June,Mount Alexander,35 - 44 years,39
2024,June,Mount Alexander,45 - 54 years,54
2024,June,Mount Alexander,55+ years,52
2024,June,Moyne,00 - 17 years,15
2024,June,Moyne,18 - 24 years,19
2024,June,Moyne,25 - 34 years,49
2024,June,Moyne,35 - 44 years,45
2024,June,Moyne,45 - 54 years,33
2024,June,Moyne,55+ years,29
2024,June,Murrindindi,00 - 17 years,10
2024,June,Murrindindi,18 - 24 years,16
2024,June,Murrindindi,25 - 34 years,41
2024,June,Murrindindi,35 - 44 years,29
2024,June,Murrindindi,45 - 54 years,39
2024,June,Murrindindi,55+ years,48
2024,June,Nillumbik,00 - 17 years,28
2024,June,Nillumbik,18 - 24 years,36
2024,June,Nillumbik,25 - 34 years,59
2024,June,Nillumbik,35 - 44 years,95
2024,June,Nillumbik,45 - 54 years,112
2024,June,Nillumbik,55+ years,101
2024,June,Northern Grampians,00 - 17 years,41
2024,June,Northern Grampians,18 - 24 years,43
2024,June,Northern Grampians,25 - 34 years,95
2024,June,Northern Grampians,35 - 44 years,81
2024,June,Northern Grampians,45 - 54 years,55
2024,June,Northern Grampians,55+ years,45
2024,June,Port Phillip,00 - 17 years,98
2024,June,Port Phillip,18 - 24 years,142
2024,June,Port Phillip,25 - 34 years,366
2024,June,Port Phillip,35 - 44 years,342
2024,June,Port Phillip,45 - 54 years,223
2024,June,Port Phillip,55+ years,176
2024,June,Pyrenees,00 - 17 years,7
2024,June,Pyrenees,18 - 24 years,15
2024,June,Pyrenees,25 - 34 years,11
2024,June,Pyrenees,35 - 44 years,27
2024,June,Pyrenees,45 - 54 years,29
2024,June,Pyrenees,55+ years,30
2024,June,Queenscliffe,18 - 24 years,
2024,June,Queenscliffe,35 - 44 years,
2024,June,Queenscliffe,45 - 54 years,
2024,June,Queenscliffe,55+ years,
2024,June,South Gippsland,00 - 17 years,59
2024,June,South Gippsland,18 - 24 years,48
2024,June,South Gippsland,25 - 34 years,118
2024,June,South Gippsland,35 - 44 years,145
2024,June,South Gippsland,45 - 54 years,110
2024,June,South Gippsland,55+ years,90
2024,June,Southern Grampians,00 - 17 years,28
2024,June,Southern Grampians,18 - 24 years,68
2024,June,Southern Grampians,25 - 34 years,64
2024,June,Southern Grampians,35 - 44 years,98
2024,June,Southern Grampians,45 - 54 years,40
2024,June,Southern Grampians,55+ years,57
2024,June,Stonnington,00 - 17 years,80
2024,June,Stonnington,18 - 24 years,116
2024,June,Stonnington,25 - 34 years,234
2024,June,Stonnington,35 - 44 years,223
2024,June,Stonnington,45 - 54 years,155
2024,June,Stonnington,55+ years,129
2024,June,Strathbogie,00 - 17 years,6
2024,June,Strathbogie,18 - 24 years,11
2024,June,Strathbogie,25 - 34 years,25
2024,June,Strathbogie,35 - 44 years,42
2024,June,Strathbogie,45 - 54 years,37
2024,June,Strathbogie,55+ years,26
2024,June,Surf Coast,00 - 17 years,26
2024,June,Surf Coast,18 - 24 years,19
2024,June,Surf Coast,25 - 34 years,36
2024,June,Surf Coast,35 - 44 years,82
2024,June,Surf Coast,45 - 54 years,58
2024,June,Surf Coast,55+ years,36
2024,June,Swan Hill,00 - 17 years,73
2024,June,Swan Hill,18 - 24 years,70
2024,June,Swan Hill,25 - 34 years,155
2024,June,Swan Hill,35 - 44 years,162
2024,June,Swan Hill,45 - 54 years,113
2024,June,Swan Hill,55+ years,109
2024,June,Towong,00 - 17 years,6
2024,June,Towong,18 - 24 years,6
2024,June,Towong,25 - 34 years,24
2024,June,Towong,35 - 44 years,15
2024,June,Towong,45 - 54 years,7
2024,June,Towong,55+ years,18
2024,June,Wangaratta,00 - 17 years,74
2024,June,Wangaratta,18 - 24 years,98
2024,June,Wangaratta,25 - 34 years,116
2024,June,Wangaratta,35 - 44 years,160
2024,June,Wangaratta,45 - 54 years,94
2024,June,Wangaratta,55+ years,92
2024,June,Warrnambool,00 - 17 years,70
2024,June,Warrnambool,18 - 24 years,103
2024,June,Warrnambool,25 - 34 years,154
2024,June,Warrnambool,35 - 44 years,170
2024,June,Warrnambool,45 - 54 years,129
2024,June,Warrnambool,55+ years,126
2024,June,Wellington,00 - 17 years,134
2024,June,Wellington,18 - 24 years,174
2024,June,Wellington,25 - 34 years,286
2024,June,Wellington,35 - 44 years,307
2024,June,Wellington,45 - 54 years,213
2024,June,Wellington,55+ years,214
2024,June,West Wimmera,00 - 17 years,6
2024,June,West Wimmera,18 - 24 years,2
2024,June,West Wimmera,25 - 34 years,12
2024,June,West Wimmera,35 - 44 years,26
2024,June,West Wimmera,45 - 54 years,10
2024,June,West Wimmera,55+ years,9
2024,June,Whitehorse,00 - 17 years,229
2024,June,Whitehorse,18 - 24 years,133
2024,June,Whitehorse,25 - 34 years,319
2024,June,Whitehorse,35 - 44 years,312
2024,June,Whitehorse,45 - 54 years,279
2024,June,Whitehorse,55+ years,228
2024,June,Whittlesea,00 - 17 years,167
2024,June,Whittlesea,18 - 24 years,291
2024,June,Whittlesea,25 - 34 years,715
2024,June,Whittlesea,35 - 44 years,822
2024,June,Whittlesea,45 - 54 years,453
2024,June,Whittlesea,55+ years,408
2024,June,Wodonga,00 - 17 years,137
2024,June,Wodonga,18 - 24 years,155
2024,June,Wodonga,25 - 34 years,256
2024,June,Wodonga,35 - 44 years,259
2024,June,Wodonga,45 - 54 years,155
2024,June,Wodonga,55+ years,91
2024,June,Wyndham,00 - 17 years,296
2024,June,Wyndham,18 - 24 years,536
2024,June,Wyndham,25 - 34 years,1268
2024,June,Wyndham,35 - 44 years,1248
2024,June,Wyndham,45 - 54 years,588
2024,June,Wyndham,55+ years,414
2024,June,Yarra,00 - 17 years,72
2024,June,Yarra,18 - 24 years,83
2024,June,Yarra,25 - 34 years,288
2024,June,Yarra,35 - 44 years,281
2024,June,Yarra,45 - 54 years,144
2024,June,Yarra,55+ years,151
2024,June,Yarra Ranges,00 - 17 years,225
2024,June,Yarra Ranges,18 - 24 years,169
2024,June,Yarra Ranges,25 - 34 years,341
2024,June,Yarra Ranges,35 - 44 years,523
2024,June,Yarra Ranges,45 - 54 years,409
2024,June,Yarra Ranges,55+ years,322
2024,June,Yarriambiack,00 - 17 years,22
2024,June,Yarriambiack,18 - 24 years,17
2024,June,Yarriambiack,25 - 34 years,31
2024,June,Yarriambiack,35 - 44 years,18
2024,June,Yarriambiack,45 - 54 years,19
2024,June,Yarriambiack,55+ years,14
2023,June,Alpine,00 - 17 years,18
2023,June,Alpine,18 - 24 years,8
2023,June,Alpine,25 - 34 years,34
2023,June,Alpine,35 - 44 years,39
2023,June,Alpine,45 - 54 years,20
2023,June,Alpine,55+ years,28
2023,June,Ararat,00 - 17 years,25
2023,June,Ararat,18 - 24 years,43
2023,June,Ararat,25 - 34 years,72
2023,June,Ararat,35 - 44 years,48
2023,June,Ararat,45 - 54 years,47
2023,June,Ararat,55+ years,55
2023,June,Ballarat,00 - 17 years,187
2023,June,Ballarat,18 - 24 years,294
2023,June,Ballarat,25 - 34 years,593
2023,June,Ballarat,35 - 44 years,488
2023,June,Ballarat,45 - 54 years,433
2023,June,Ballarat,55+ years,221
2023,June,Banyule,00 - 17 years,83
2023,June,Banyule,18 - 24 years,91
2023,June,Banyule,25 - 34 years,234
2023,June,Banyule,35 - 44 years,276
2023,June,Banyule,45 - 54 years,218
2023,June,Banyule,55+ years,237
2023,June,Bass Coast,00 - 17 years,93
2023,June,Bass Coast,18 - 24 years,80
2023,June,Bass Coast,25 - 34 years,150
2023,June,Bass Coast,35 - 44 years,163
2023,June,Bass Coast,45 - 54 years,131
2023,June,Bass Coast,55+ years,154
2023,June,Baw Baw,00 - 17 years,134
2023,June,Baw Baw,18 - 24 years,90
2023,June,Baw Baw,25 - 34 years,188
2023,June,Baw Baw,35 - 44 years,259
2023,June,Baw Baw,45 - 54 years,167
2023,June,Baw Baw,55+ years,114
2023,June,Bayside,00 - 17 years,128
2023,June,Bayside,18 - 24 years,68
2023,June,Bayside,25 - 34 years,96
2023,June,Bayside,35 - 44 years,177
2023,June,Bayside,45 - 54 years,160
2023,June,Bayside,55+ years,149
2023,June,Benalla,00 - 17 years,42
2023,June,Benalla,18 - 24 years,62
2023,June,Benalla,25 - 34 years,98
2023,June,Benalla,35 - 44 years,93
2023,June,Benalla,45 - 54 years,57
2023,June,Benalla,55+ years,68
2023,June,Boroondara,00 - 17 years,147
2023,June,Boroondara,18 - 24 years,84
2023,June,Boroondara,25 - 34 years,131
2023,June,Boroondara,35 - 44 years,219
2023,June,Boroondara,45 - 54 years,245
2023,June,Boroondara,55+ years,210
2023,June,Brimbank,00 - 17 years,199
2023,June,Brimbank,18 - 24 years,326
2023,June,Brimbank,25 - 34 years,661
2023,June,Brimbank,35 - 44 years,675
2023,June,Brimbank,45 - 54 years,418
2023,June,Brimbank,55+ years,527
2023,June,Buloke,00 - 17 years,5
2023,June,Buloke,18 - 24 years,2
2023,June,Buloke,25 - 34 years,24
2023,June,Buloke,35 - 44 years,11
2023,June,Buloke,45 - 54 years,8
2023,June,Buloke,55+ years,7
2023,June,Campaspe,00 - 17 years,75
2023,June,Campaspe,18 - 24 years,131
2023,June,Campaspe,25 - 34 years,175
2023,June,Campaspe,35 - 44 years,173
2023,June,Campaspe,45 - 54 years,97
2023,June,Campaspe,55+ years,102
2023,June,Cardinia,00 - 17 years,147
2023,June,Cardinia,18 - 24 years,172
2023,June,Cardinia,25 - 34 years,386
2023,June,Cardinia,35 - 44 years,466
2023,June,Cardinia,45 - 54 years,199
2023,June,Cardinia,55+ years,164
2023,June,Casey,00 - 17 years,384
2023,June,Casey,18 - 24 years,682
2023,June,Casey,25 - 34 years,1399
2023,June,Casey,35 - 44 years,1448
2023,June,Casey,45 - 54 years,825
2023,June,Casey,55+ years,638
2023,June,Central Goldfields,00 - 17 years,31
2023,June,Central Goldfields,18 - 24 years,44
2023,June,Central Goldfields,25 - 34 years,96
2023,June,Central Goldfields,35 - 44 years,83
2023,June,Central Goldfields,45 - 54 years,69
2023,June,Central Goldfields,55+ years,51
2023,June,Colac-Otway,00 - 17 years,36
2023,June,Colac-Otway,18 - 24 years,42
2023,June,Colac-Otway,25 - 34 years,100
2023,June,Colac-Otway,35 - 44 years,89
2023,June,Colac-Otway,45 - 54 years,81
2023,June,Colac-Otway,55+ years,63
2023,June,Corangamite,00 - 17 years,13
2023,June,Corangamite,18 - 24 years,16
2023,June,Corangamite,25 - 34 years,43
2023,June,Corangamite,35 - 44 years,43
2023,June,Corangamite,45 - 54 years,31
2023,June,Corangamite,55+ years,29
2023,June,Darebin,00 - 17 years,101
2023,June,Darebin,18 - 24 years,178
2023,June,Darebin,25 - 34 years,409
2023,June,Darebin,35 - 44 years,422
2023,June,Darebin,45 - 54 years,290
2023,June,Darebin,55+ years,300
2023,June,East Gippsland,00 - 17 years,160
2023,June,East Gippsland,18 - 24 years,165
2023,June,East Gippsland,25 - 34 years,302
2023,June,East Gippsland,35 - 44 years,382
2023,June,East Gippsland,45 - 54 years,276
2023,June,East Gippsland,55+ years,282
2023,June,Frankston,00 - 17 years,189
2023,June,Frankston,18 - 24 years,237
2023,June,Frankston,25 - 34 years,547
2023,June,Frankston,35 - 44 years,716
2023,June,Frankston,45 - 54 years,518
2023,June,Frankston,55+ years,410
2023,June,Gannawarra,00 - 17 years,14
2023,June,Gannawarra,18 - 24 years,12
2023,June,Gannawarra,25 - 34 years,49
2023,June,Gannawarra,35 - 44 years,35
2023,June,Gannawarra,45 - 54 years,46
2023,June,Gannawarra,55+ years,33
2023,June,Glen Eira,00 - 17 years,173
2023,June,Glen Eira,18 - 24 years,113
2023,June,Glen Eira,25 - 34 years,191
2023,June,Glen Eira,35 - 44 years,227
2023,June,Glen Eira,45 - 54 years,233
2023,June,Glen Eira,55+ years,179
2023,June,Glenelg,00 - 17 years,57
2023,June,Glenelg,18 - 24 years,57
2023,June,Glenelg,25 - 34 years,89
2023,June,Glenelg,35 - 44 years,111
2023,June,Glenelg,45 - 54 years,56
2023,June,Glenelg,55+ years,52
2023,June,Golden Plains,00 - 17 years,17
2023,June,Golden Plains,18 - 24 years,16
2023,June,Golden Plains,25 - 34 years,49
2023,June,Golden Plains,35 - 44 years,72
2023,June,Golden Plains,45 - 54 years,40
2023,June,Golden Plains,55+ years,40
2023,June,Greater Bendigo,00 - 17 years,297
2023,June,Greater Bendigo,18 - 24 years,274
2023,June,Greater Bendigo,25 - 34 years,595
2023,June,Greater Bendigo,35 - 44 years,561
2023,June,Greater Bendigo,45 - 54 years,384
2023,June,Greater Bendigo,55+ years,346
2023,June,Greater Dandenong,00 - 17 years,193
2023,June,Greater Dandenong,18 - 24 years,316
2023,June,Greater Dandenong,25 - 34 years,735
2023,June,Greater Dandenong,35 - 44 years,562
2023,June,Greater Dandenong,45 - 54 years,403
2023,June,Greater Dandenong,55+ years,426
2023,June,Greater Geelong,00 - 17 years,393
2023,June,Greater Geelong,18 - 24 years,643
2023,June,Greater Geelong,25 - 34 years,1075
2023,June,Greater Geelong,35 - 44 years,1217
2023,June,Greater Geelong,45 - 54 years,832
2023,June,Greater Geelong,55+ years,656
2023,June,Greater Shepparton,00 - 17 years,153
2023,June,Greater Shepparton,18 - 24 years,202
2023,June,Greater Shepparton,25 - 34 years,455
2023,June,Greater Shepparton,35 - 44 years,489
2023,June,Greater Shepparton,45 - 54 years,243
2023,June,Greater Shepparton,55+ years,177
2023,June,Hepburn,00 - 17 years,11
2023,June,Hepburn,18 - 24 years,15
2023,June,Hepburn,25 - 34 years,16
2023,June,Hepburn,35 - 44 years,42
2023,June,Hepburn,45 - 54 years,38
2023,June,Hepburn,55+ years,50
2023,June,Hindmarsh,00 - 17 years,6
2023,June,Hindmarsh,18 - 24 years,12
2023,June,Hindmarsh,25 - 34 years,17
2023,June,Hindmarsh,35 - 44 years,20
2023,June,Hindmarsh,45 - 54 years,14
2023,June,Hindmarsh,55+ years,19
2023,June,Hobsons Bay,00 - 17 years,49
2023,June,Hobsons Bay,18 - 24 years,96
2023,June,Hobsons Bay,25 - 34 years,184
2023,June,Hobsons Bay,35 - 44 years,283
2023,June,Hobsons Bay,45 - 54 years,192
2023,June,Hobsons Bay,55+ years,180
2023,June,Horsham,00 - 17 years,109
2023,June,Horsham,18 - 24 years,90
2023,June,Horsham,25 - 34 years,159
2023,June,Horsham,35 - 44 years,99
2023,June,Horsham,45 - 54 years,77
2023,June,Horsham,55+ years,55
2023,June,Hume,00 - 17 years,379
2023,June,Hume,18 - 24 years,444
2023,June,Hume,25 - 34 years,861
2023,June,Hume,35 - 44 years,893
2023,June,Hume,45 - 54 years,499
2023,June,Hume,55+ years,505
2023,June,Indigo,00 - 17 years,17
2023,June,Indigo,18 - 24 years,15
2023,June,Indigo,25 - 34 years,40
2023,June,Indigo,35 - 44 years,49
2023,June,Indigo,45 - 54 years,31
2023,June,Indigo,55+ years,50
2023,June,Kingston,00 - 17 years,228
2023,June,Kingston,18 - 24 years,141
2023,June,Kingston,25 - 34 years,315
2023,June,Kingston,35 - 44 years,403
2023,June,Kingston,45 - 54 years,389
2023,June,Kingston,55+ years,359
2023,June,Knox,00 - 17 years,224
2023,June,Knox,18 - 24 years,177
2023,June,Knox,25 - 34 years,390
2023,June,Knox,35 - 44 years,487
2023,June,Knox,45 - 54 years,369
2023,June,Knox,55+ years,299
2023,June,Latrobe,00 - 17 years,290
2023,June,Latrobe,18 - 24 years,351
2023,June,Latrobe,25 - 34 years,643
2023,June,Latrobe,35 - 44 years,568
2023,June,Latrobe,45 - 54 years,373
2023,June,Latrobe,55+ years,306
2023,June,Loddon,00 - 17 years,8
2023,June,Loddon,18 - 24 years,13
2023,June,Loddon,25 - 34 years,27
2023,June,Loddon,35 - 44 years,26
2023,June,Loddon,45 - 54 years,17
2023,June,Loddon,55+ years,28
2023,June,Macedon Ranges,00 - 17 years,47
2023,June,Macedon Ranges,18 - 24 years,51
2023,June,Macedon Ranges,25 - 34 years,77
2023,June,Macedon Ranges,35 - 44 years,126
2023,June,Macedon Ranges,45 - 54 years,90
2023,June,Macedon Ranges,55+ years,75
2023,June,Manningham,00 - 17 years,132
2023,June,Manningham,18 - 24 years,83
2023,June,Manningham,25 - 34 years,179
2023,June,Manningham,35 - 44 years,209
2023,June,Manningham,45 - 54 years,189
2023,June,Manningham,55+ years,205
2023,June,Mansfield,00 - 17 years,6
2023,June,Mansfield,18 - 24 years,8
2023,June,Mansfield,25 - 34 years,14
2023,June,Mansfield,35 - 44 years,28
2023,June,Mansfield,45 - 54 years,20
2023,June,Mansfield,55+ years,5
2023,June,Maribyrnong,00 - 17 years,64
2023,June,Maribyrnong,18 - 24 years,115
2023,June,Maribyrnong,25 - 34 years,352
2023,June,Maribyrnong,35 - 44 years,294
2023,June,Maribyrnong,45 - 54 years,178
2023,June,Maribyrnong,55+ years,199
2023,June,Maroondah,00 - 17 years,183
2023,June,Maroondah,18 - 24 years,112
2023,June,Maroondah,25 - 34 years,280
2023,June,Maroondah,35 - 44 years,325
2023,June,Maroondah,45 - 54 years,211
2023,June,Maroondah,55+ years,227
2023,June,Melbourne,00 - 17 years,121
2023,June,Melbourne,18 - 24 years,447
2023,June,Melbourne,25 - 34 years,646
2023,June,Melbourne,35 - 44 years,463
2023,June,Melbourne,45 - 54 years,252
2023,June,Melbourne,55+ years,161
2023,June,Melton,00 - 17 years,171
2023,June,Melton,18 - 24 years,387
2023,June,Melton,25 - 34 years,842
2023,June,Melton,35 - 44 years,692
2023,June,Melton,45 - 54 years,403
2023,June,Melton,55+ years,272
2023,June,Merri-bek,00 - 17 years,115
2023,June,Merri-bek,18 - 24 years,202
2023,June,Merri-bek,25 - 34 years,481
2023,June,Merri-bek,35 - 44 years,443
2023,June,Merri-bek,45 - 54 years,388
2023,June,Merri-bek,55+ years,337
2023,June,Mildura,00 - 17 years,225
2023,June,Mildura,18 - 24 years,241
2023,June,Mildura,25 - 34 years,488
2023,June,Mildura,35 - 44 years,474
2023,June,Mildura,45 - 54 years,260
2023,June,Mildura,55+ years,232
2023,June,Mitchell,00 - 17 years,97
2023,June,Mitchell,18 - 24 years,119
2023,June,Mitchell,25 - 34 years,280
2023,June,Mitchell,35 - 44 years,280
2023,June,Mitchell,45 - 54 years,190
2023,June,Mitchell,55+ years,113
2023,June,Moira,00 - 17 years,65
2023,June,Moira,18 - 24 years,105
2023,June,Moira,25 - 34 years,116
2023,June,Moira,35 - 44 years,142
2023,June,Moira,45 - 54 years,94
2023,June,Moira,55+ years,100
2023,June,Monash,00 - 17 years,242
2023,June,Monash,18 - 24 years,161
2023,June,Monash,25 - 34 years,380
2023,June,Monash,35 - 44 years,390
2023,June,Monash,45 - 54 years,342
2023,June,Monash,55+ years,308
2023,June,Moonee Valley,00 - 17 years,88
2023,June,Moonee Valley,18 - 24 years,134
2023,June,Moonee Valley,25 - 34 years,308
2023,June,Moonee Valley,35 - 44 years,305
2023,June,Moonee Valley,45 - 54 years,215
2023,June,Moonee Valley,55+ years,208
2023,June,Moorabool,00 - 17 years,40
2023,June,Moorabool,18 - 24 years,63
2023,June,Moorabool,25 - 34 years,120
2023,June,Moorabool,35 - 44 years,152
2023,June,Moorabool,45 - 54 years,92
2023,June,Moorabool,55+ years,74
2023,June,Mornington Peninsula,00 - 17 years,148
2023,June,Mornington Peninsula,18 - 24 years,151
2023,June,Mornington Peninsula,25 - 34 years,331
2023,June,Mornington Peninsula,35 - 44 years,469
2023,June,Mornington Peninsula,45 - 54 years,459
2023,June,Mornington Peninsula,55+ years,373
2023,June,Mount Alexander,00 - 17 years,15
2023,June,Mount Alexander,18 - 24 years,11
2023,June,Mount Alexander,25 - 34 years,44
2023,June,Mount Alexander,35 - 44 years,48
2023,June,Mount Alexander,45 - 54 years,59
2023,June,Mount Alexander,55+ years,52
2023,June,Moyne,00 - 17 years,14
2023,June,Moyne,18 - 24 years,17
2023,June,Moyne,25 - 34 years,37
2023,June,Moyne,35 - 44 years,54
2023,June,Moyne,45 - 54 years,24
2023,June,Moyne,55+ years,28
2023,June,Murrindindi,00 - 17 years,21
2023,June,Murrindindi,18 - 24 years,16
2023,June,Murrindindi,25 - 34 years,44
2023,June,Murrindindi,35 - 44 years,44
2023,June,Murrindindi,45 - 54 years,34
2023,June,Murrindindi,55+ years,20
2023,June,Nillumbik,00 - 17 years,31
2023,June,Nillumbik,18 - 24 years,48
2023,June,Nillumbik,25 - 34 years,63
2023,June,Nillumbik,35 - 44 years,95
2023,June,Nillumbik,45 - 54 years,106
2023,June,Nillumbik,55+ years,73
2023,June,Northern Grampians,00 - 17 years,28
2023,June,Northern Grampians,18 - 24 years,39
2023,June,Northern Grampians,25 - 34 years,77
2023,June,Northern Grampians,35 - 44 years,66
2023,June,Northern Grampians,45 - 54 years,43
2023,June,Northern Grampians,55+ years,42
2023,June,Port Phillip,00 - 17 years,103
2023,June,Port Phillip,18 - 24 years,168
2023,June,Port Phillip,25 - 34 years,386
2023,June,Port Phillip,35 - 44 years,396
2023,June,Port Phillip,45 - 54 years,219
2023,June,Port Phillip,55+ years,150
2023,June,Pyrenees,00 - 17 years,8
2023,June,Pyrenees,18 - 24 years,6
2023,June,Pyrenees,25 - 34 years,17
2023,June,Pyrenees,35 - 44 years,23
2023,June,Pyrenees,45 - 54 years,15
2023,June,Pyrenees,55+ years,28
2023,June,Queenscliffe,00 - 17 years,
2023,June,Queenscliffe,35 - 44 years,
2023,June,Queenscliffe,45 - 54 years,
2023,June,Queenscliffe,55+ years,
2023,June,South Gippsland,00 - 17 years,58
2023,June,South Gippsland,18 - 24 years,30
2023,June,South Gippsland,25 - 34 years,107
2023,June,South Gippsland,35 - 44 years,108
2023,June,South Gippsland,45 - 54 years,112
2023,June,South Gippsland,55+ years,87
2023,June,Southern Grampians,00 - 17 years,28
2023,June,Southern Grampians,18 - 24 years,46
2023,June,Southern Grampians,25 - 34 years,61
2023,June,Southern Grampians,35 - 44 years,61
2023,June,Southern Grampians,45 - 54 years,47
2023,June,Southern Grampians,55+ years,33
2023,June,Stonnington,00 - 17 years,103
2023,June,Stonnington,18 - 24 years,124
2023,June,Stonnington,25 - 34 years,235
2023,June,Stonnington,35 - 44 years,202
2023,June,Stonnington,45 - 54 years,175
2023,June,Stonnington,55+ years,123
2023,June,Strathbogie,00 - 17 years,19
2023,June,Strathbogie,18 - 24 years,10
2023,June,Strathbogie,25 - 34 years,22
2023,June,Strathbogie,35 - 44 years,43
2023,June,Strathbogie,45 - 54 years,30
2023,June,Strathbogie,55+ years,18
2023,June,Surf Coast,00 - 17 years,24
2023,June,Surf Coast,18 - 24 years,15
2023,June,Surf Coast,25 - 34 years,43
2023,June,Surf Coast,35 - 44 years,83
2023,June,Surf Coast,45 - 54 years,62
2023,June,Surf Coast,55+ years,39
2023,June,Swan Hill,00 - 17 years,61
2023,June,Swan Hill,18 - 24 years,73
2023,June,Swan Hill,25 - 34 years,156
2023,June,Swan Hill,35 - 44 years,130
2023,June,Swan Hill,45 - 54 years,83
2023,June,Swan Hill,55+ years,70
2023,June,Towong,00 - 17 years,11
2023,June,Towong,18 - 24 years,9
2023,June,Towong,25 - 34 years,18
2023,June,Towong,35 - 44 years,13
2023,June,Towong,45 - 54 years,13
2023,June,Towong,55+ years,22
2023,June,Wangaratta,00 - 17 years,64
2023,June,Wangaratta,18 - 24 years,77
2023,June,Wangaratta,25 - 34 years,117
2023,June,Wangaratta,35 - 44 years,151
2023,June,Wangaratta,45 - 54 years,112
2023,June,Wangaratta,55+ years,97
2023,June,Warrnambool,00 - 17 years,59
2023,June,Warrnambool,18 - 24 years,100
2023,June,Warrnambool,25 - 34 years,185
2023,June,Warrnambool,35 - 44 years,151
2023,June,Warrnambool,45 - 54 years,121
2023,June,Warrnambool,55+ years,108
2023,June,Wellington,00 - 17 years,171
2023,June,Wellington,18 - 24 years,152
2023,June,Wellington,25 - 34 years,296
2023,June,Wellington,35 - 44 years,304
2023,June,Wellington,45 - 54 years,225
2023,June,Wellington,55+ years,195
2023,June,West Wimmera,00 - 17 years,5
2023,June,West Wimmera,18 - 24 years,5
2023,June,West Wimmera,25 - 34 years,8
2023,June,West Wimmera,35 - 44 years,16
2023,June,West Wimmera,45 - 54 years,2
2023,June,West Wimmera,55+ years,5
2023,June,Whitehorse,00 - 17 years,189
2023,June,Whitehorse,18 - 24 years,155
2023,June,Whitehorse,25 - 34 years,318
2023,June,Whitehorse,35 - 44 years,359
2023,June,Whitehorse,45 - 54 years,219
2023,June,Whitehorse,55+ years,206
2023,June,Whittlesea,00 - 17 years,141
2023,June,Whittlesea,18 - 24 years,264
2023,June,Whittlesea,25 - 34 years,685
2023,June,Whittlesea,35 - 44 years,690
2023,June,Whittlesea,45 - 54 years,456
2023,June,Whittlesea,55+ years,380
2023,June,Wodonga,00 - 17 years,136
2023,June,Wodonga,18 - 24 years,187
2023,June,Wodonga,25 - 34 years,261
2023,June,Wodonga,35 - 44 years,238
2023,June,Wodonga,45 - 54 years,142
2023,June,Wodonga,55+ years,94
2023,June,Wyndham,00 - 17 years,322
2023,June,Wyndham,18 - 24 years,578
2023,June,Wyndham,25 - 34 years,1333
2023,June,Wyndham,35 - 44 years,1121
2023,June,Wyndham,45 - 54 years,697
2023,June,Wyndham,55+ years,405
2023,June,Yarra,00 - 17 years,62
2023,June,Yarra,18 - 24 years,124
2023,June,Yarra,25 - 34 years,302
2023,June,Yarra,35 - 44 years,254
2023,June,Yarra,45 - 54 years,166
2023,June,Yarra,55+ years,146
2023,June,Yarra Ranges,00 - 17 years,233
2023,June,Yarra Ranges,18 - 24 years,163
2023,June,Yarra Ranges,25 - 34 years,391
2023,June,Yarra Ranges,35 - 44 years,471
2023,June,Yarra Ranges,45 - 54 years,365
2023,June,Yarra Ranges,55+ years,329
2023,June,Yarriambiack,00 - 17 years,17
2023,June,Yarriambiack,18 - 24 years,9
2023,June,Yarriambiack,25 - 34 years,21
2023,June,Yarriambiack,35 - 44 years,37
2023,June,Yarriambiack,45 - 54 years,24
2023,June,Yarriambiack,55+ years,14
2022,June,Alpine,00 - 17 years,11
2022,June,Alpine,18 - 24 years,9
2022,June,Alpine,25 - 34 years,21
2022,June,Alpine,35 - 44 years,41
2022,June,Alpine,45 - 54 years,38
2022,June,Alpine,55+ years,20
2022,June,Ararat,00 - 17 years,22
2022,June,Ararat,18 - 24 years,37
2022,June,Ararat,25 - 34 years,57
2022,June,Ararat,35 - 44 years,57
2022,June,Ararat,45 - 54 years,45
2022,June,Ararat,55+ years,43
2022,June,Ballarat,00 - 17 years,137
2022,June,Ballarat,18 - 24 years,317
2022,June,Ballarat,25 - 34 years,536
2022,June,Ballarat,35 - 44 years,472
2022,June,Ballarat,45 - 54 years,365
2022,June,Ballarat,55+ years,201
2022,June,Banyule,00 - 17 years,81
2022,June,Banyule,18 - 24 years,126
2022,June,Banyule,25 - 34 years,253
2022,June,Banyule,35 - 44 years,295
2022,June,Banyule,45 - 54 years,208
2022,June,Banyule,55+ years,213
2022,June,Bass Coast,00 - 17 years,76
2022,June,Bass Coast,18 - 24 years,82
2022,June,Bass Coast,25 - 34 years,197
2022,June,Bass Coast,35 - 44 years,176
2022,June,Bass Coast,45 - 54 years,178
2022,June,Bass Coast,55+ years,163
2022,June,Baw Baw,00 - 17 years,85
2022,June,Baw Baw,18 - 24 years,118
2022,June,Baw Baw,25 - 34 years,223
2022,June,Baw Baw,35 - 44 years,222
2022,June,Baw Baw,45 - 54 years,153
2022,June,Baw Baw,55+ years,131
2022,June,Bayside,00 - 17 years,113
2022,June,Bayside,18 - 24 years,65
2022,June,Bayside,25 - 34 years,94
2022,June,Bayside,35 - 44 years,152
2022,June,Bayside,45 - 54 years,182
2022,June,Bayside,55+ years,147
2022,June,Benalla,00 - 17 years,40
2022,June,Benalla,18 - 24 years,43
2022,June,Benalla,25 - 34 years,50
2022,June,Benalla,35 - 44 years,85
2022,June,Benalla,45 - 54 years,50
2022,June,Benalla,55+ years,82
2022,June,Boroondara,00 - 17 years,138
2022,June,Boroondara,18 - 24 years,89
2022,June,Boroondara,25 - 34 years,149
2022,June,Boroondara,35 - 44 years,186
2022,June,Boroondara,45 - 54 years,238
2022,June,Boroondara,55+ years,208
2022,June,Brimbank,00 - 17 years,153
2022,June,Brimbank,18 - 24 years,312
2022,June,Brimbank,25 - 34 years,673
2022,June,Brimbank,35 - 44 years,668
2022,June,Brimbank,45 - 54 years,429
2022,June,Brimbank,55+ years,480
2022,June,Buloke,00 - 17 years,6
2022,June,Buloke,18 - 24 years,14
2022,June,Buloke,25 - 34 years,14
2022,June,Buloke,35 - 44 years,16
2022,June,Buloke,45 - 54 years,12
2022,June,Buloke,55+ years,17
2022,June,Campaspe,00 - 17 years,116
2022,June,Campaspe,18 - 24 years,128
2022,June,Campaspe,25 - 34 years,210
2022,June,Campaspe,35 - 44 years,195
2022,June,Campaspe,45 - 54 years,136
2022,June,Campaspe,55+ years,92
2022,June,Cardinia,00 - 17 years,129
2022,June,Cardinia,18 - 24 years,184
2022,June,Cardinia,25 - 34 years,405
2022,June,Cardinia,35 - 44 years,463
2022,June,Cardinia,45 - 54 years,227
2022,June,Cardinia,55+ years,144
2022,June,Casey,00 - 17 years,335
2022,June,Casey,18 - 24 years,605
2022,June,Casey,25 - 34 years,1388
2022,June,Casey,35 - 44 years,1270
2022,June,Casey,45 - 54 years,762
2022,June,Casey,55+ years,587
2022,June,Central Goldfields,00 - 17 years,55
2022,June,Central Goldfields,18 - 24 years,44
2022,June,Central Goldfields,25 - 34 years,80
2022,June,Central Goldfields,35 - 44 years,70
2022,June,Central Goldfields,45 - 54 years,53
2022,June,Central Goldfields,55+ years,35
2022,June,Colac-Otway,00 - 17 years,32
2022,June,Colac-Otway,18 - 24 years,40
2022,June,Colac-Otway,25 - 34 years,130
2022,June,Colac-Otway,35 - 44 years,78
2022,June,Colac-Otway,45 - 54 years,56
2022,June,Colac-Otway,55+ years,50
2022,June,Corangamite,00 - 17 years,13
2022,June,Corangamite,18 - 24 years,21
2022,June,Corangamite,25 - 34 years,31
2022,June,Corangamite,35 - 44 years,51
2022,June,Corangamite,45 - 54 years,25
2022,June,Corangamite,55+ years,21
2022,June,Darebin,00 - 17 years,68
2022,June,Darebin,18 - 24 years,179
2022,June,Darebin,25 - 34 years,385
2022,June,Darebin,35 - 44 years,381
2022,June,Darebin,45 - 54 years,310
2022,June,Darebin,55+ years,284
2022,June,East Gippsland,00 - 17 years,187
2022,June,East Gippsland,18 - 24 years,202
2022,June,East Gippsland,25 - 34 years,355
2022,June,East Gippsland,35 - 44 years,339
2022,June,East Gippsland,45 - 54 years,300
2022,June,East Gippsland,55+ years,249
2022,June,Frankston,00 - 17 years,211
2022,June,Frankston,18 - 24 years,256
2022,June,Frankston,25 - 34 years,610
2022,June,Frankston,35 - 44 years,675
2022,June,Frankston,45 - 54 years,458
2022,June,Frankston,55+ years,375
2022,June,Gannawarra,00 - 17 years,11
2022,June,Gannawarra,18 - 24 years,16
2022,June,Gannawarra,25 - 34 years,30
2022,June,Gannawarra,35 - 44 years,41
2022,June,Gannawarra,45 - 54 years,44
2022,June,Gannawarra,55+ years,19
2022,June,Glen Eira,00 - 17 years,163
2022,June,Glen Eira,18 - 24 years,117
2022,June,Glen Eira,25 - 34 years,214
2022,June,Glen Eira,35 - 44 years,219
2022,June,Glen Eira,45 - 54 years,269
2022,June,Glen Eira,55+ years,204
2022,June,Glenelg,00 - 17 years,38
2022,June,Glenelg,18 - 24 years,73
2022,June,Glenelg,25 - 34 years,83
2022,June,Glenelg,35 - 44 years,92
2022,June,Glenelg,45 - 54 years,64
2022,June,Glenelg,55+ years,58
2022,June,Golden Plains,00 - 17 years,17
2022,June,Golden Plains,18 - 24 years,10
2022,June,Golden Plains,25 - 34 years,29
2022,June,Golden Plains,35 - 44 years,62
2022,June,Golden Plains,45 - 54 years,34
2022,June,Golden Plains,55+ years,23
2022,June,Greater Bendigo,00 - 17 years,259
2022,June,Greater Bendigo,18 - 24 years,298
2022,June,Greater Bendigo,25 - 34 years,557
2022,June,Greater Bendigo,35 - 44 years,502
2022,June,Greater Bendigo,45 - 54 years,324
2022,June,Greater Bendigo,55+ years,274
2022,June,Greater Dandenong,00 - 17 years,146
2022,June,Greater Dandenong,18 - 24 years,361
2022,June,Greater Dandenong,25 - 34 years,646
2022,June,Greater Dandenong,35 - 44 years,539
2022,June,Greater Dandenong,45 - 54 years,413
2022,June,Greater Dandenong,55+ years,395
2022,June,Greater Geelong,00 - 17 years,317
2022,June,Greater Geelong,18 - 24 years,567
2022,June,Greater Geelong,25 - 34 years,986
2022,June,Greater Geelong,35 - 44 years,1058
2022,June,Greater Geelong,45 - 54 years,802
2022,June,Greater Geelong,55+ years,594
2022,June,Greater Shepparton,00 - 17 years,121
2022,June,Greater Shepparton,18 - 24 years,222
2022,June,Greater Shepparton,25 - 34 years,432
2022,June,Greater Shepparton,35 - 44 years,472
2022,June,Greater Shepparton,45 - 54 years,274
2022,June,Greater Shepparton,55+ years,189
2022,June,Hepburn,00 - 17 years,13
2022,June,Hepburn,18 - 24 years,15
2022,June,Hepburn,25 - 34 years,27
2022,June,Hepburn,35 - 44 years,42
2022,June,Hepburn,45 - 54 years,45
2022,June,Hepburn,55+ years,38
2022,June,Hindmarsh,00 - 17 years,5
2022,June,Hindmarsh,18 - 24 years,7
2022,June,Hindmarsh,25 - 34 years,26
2022,June,Hindmarsh,35 - 44 years,22
2022,June,Hindmarsh,45 - 54 years,12
2022,June,Hindmarsh,55+ years,8
2022,June,Hobsons Bay,00 - 17 years,63
2022,June,Hobsons Bay,18 - 24 years,113
2022,June,Hobsons Bay,25 - 34 years,249
2022,June,Hobsons Bay,35 - 44 years,254
2022,June,Hobsons Bay,45 - 54 years,192
2022,June,Hobsons Bay,55+ years,143
2022,June,Horsham,00 - 17 years,68
2022,June,Horsham,18 - 24 years,76
2022,June,Horsham,25 - 34 years,147
2022,June,Horsham,35 - 44 years,92
2022,June,Horsham,45 - 54 years,60
2022,June,Horsham,55+ years,63
2022,June,Hume,00 - 17 years,243
2022,June,Hume,18 - 24 years,433
2022,June,Hume,25 - 34 years,1003
2022,June,Hume,35 - 44 years,927
2022,June,Hume,45 - 54 years,561
2022,June,Hume,55+ years,541
2022,June,Indigo,00 - 17 years,16
2022,June,Indigo,18 - 24 years,13
2022,June,Indigo,25 - 34 years,31
2022,June,Indigo,35 - 44 years,53
2022,June,Indigo,45 - 54 years,43
2022,June,Indigo,55+ years,33
2022,June,Kingston,00 - 17 years,213
2022,June,Kingston,18 - 24 years,145
2022,June,Kingston,25 - 34 years,353
2022,June,Kingston,35 - 44 years,410
2022,June,Kingston,45 - 54 years,354
2022,June,Kingston,55+ years,354
2022,June,Knox,00 - 17 years,176
2022,June,Knox,18 - 24 years,202
2022,June,Knox,25 - 34 years,453
2022,June,Knox,35 - 44 years,427
2022,June,Knox,45 - 54 years,363
2022,June,Knox,55+ years,281
2022,June,Latrobe,00 - 17 years,283
2022,June,Latrobe,18 - 24 years,392
2022,June,Latrobe,25 - 34 years,692
2022,June,Latrobe,35 - 44 years,510
2022,June,Latrobe,45 - 54 years,359
2022,June,Latrobe,55+ years,291
2022,June,Loddon,00 - 17 years,16
2022,June,Loddon,18 - 24 years,8
2022,June,Loddon,25 - 34 years,12
2022,June,Loddon,35 - 44 years,29
2022,June,Loddon,45 - 54 years,30
2022,June,Loddon,55+ years,23
2022,June,Macedon Ranges,00 - 17 years,56
2022,June,Macedon Ranges,18 - 24 years,38
2022,June,Macedon Ranges,25 - 34 years,85
2022,June,Macedon Ranges,35 - 44 years,109
2022,June,Macedon Ranges,45 - 54 years,98
2022,June,Macedon Ranges,55+ years,78
2022,June,Manningham,00 - 17 years,117
2022,June,Manningham,18 - 24 years,61
2022,June,Manningham,25 - 34 years,174
2022,June,Manningham,35 - 44 years,224
2022,June,Manningham,45 - 54 years,181
2022,June,Manningham,55+ years,180
2022,June,Mansfield,00 - 17 years,11
2022,June,Mansfield,18 - 24 years,11
2022,June,Mansfield,25 - 34 years,22
2022,June,Mansfield,35 - 44 years,21
2022,June,Mansfield,45 - 54 years,35
2022,June,Mansfield,55+ years,17
2022,June,Maribyrnong,00 - 17 years,51
2022,June,Maribyrnong,18 - 24 years,122
2022,June,Maribyrnong,25 - 34 years,283
2022,June,Maribyrnong,35 - 44 years,249
2022,June,Maribyrnong,45 - 54 years,182
2022,June,Maribyrnong,55+ years,131
2022,June,Maroondah,00 - 17 years,144
2022,June,Maroondah,18 - 24 years,167
2022,June,Maroondah,25 - 34 years,256
2022,June,Maroondah,35 - 44 years,327
2022,June,Maroondah,45 - 54 years,289
2022,June,Maroondah,55+ years,188
2022,June,Melbourne,00 - 17 years,97
2022,June,Melbourne,18 - 24 years,488
2022,June,Melbourne,25 - 34 years,748
2022,June,Melbourne,35 - 44 years,443
2022,June,Melbourne,45 - 54 years,256
2022,June,Melbourne,55+ years,115
2022,June,Melton,00 - 17 years,168
2022,June,Melton,18 - 24 years,381
2022,June,Melton,25 - 34 years,838
2022,June,Melton,35 - 44 years,753
2022,June,Melton,45 - 54 years,419
2022,June,Melton,55+ years,291
2022,June,Merri-bek,00 - 17 years,105
2022,June,Merri-bek,18 - 24 years,221
2022,June,Merri-bek,25 - 34 years,458
2022,June,Merri-bek,35 - 44 years,462
2022,June,Merri-bek,45 - 54 years,406
2022,June,Merri-bek,55+ years,318
2022,June,Mildura,00 - 17 years,182
2022,June,Mildura,18 - 24 years,262
2022,June,Mildura,25 - 34 years,587
2022,June,Mildura,35 - 44 years,450
2022,June,Mildura,45 - 54 years,251
2022,June,Mildura,55+ years,240
2022,June,Mitchell,00 - 17 years,92
2022,June,Mitchell,18 - 24 years,108
2022,June,Mitchell,25 - 34 years,247
2022,June,Mitchell,35 - 44 years,246
2022,June,Mitchell,45 - 54 years,168
2022,June,Mitchell,55+ years,118
2022,June,Moira,00 - 17 years,37
2022,June,Moira,18 - 24 years,64
2022,June,Moira,25 - 34 years,116
2022,June,Moira,35 - 44 years,97
2022,June,Moira,45 - 54 years,100
2022,June,Moira,55+ years,60
2022,June,Monash,00 - 17 years,211
2022,June,Monash,18 - 24 years,230
2022,June,Monash,25 - 34 years,440
2022,June,Monash,35 - 44 years,400
2022,June,Monash,45 - 54 years,368
2022,June,Monash,55+ years,280
2022,June,Moonee Valley,00 - 17 years,49
2022,June,Moonee Valley,18 - 24 years,124
2022,June,Moonee Valley,25 - 34 years,263
2022,June,Moonee Valley,35 - 44 years,299
2022,June,Moonee Valley,45 - 54 years,209
2022,June,Moonee Valley,55+ years,241
2022,June,Moorabool,00 - 17 years,43
2022,June,Moorabool,18 - 24 years,69
2022,June,Moorabool,25 - 34 years,124
2022,June,Moorabool,35 - 44 years,112
2022,June,Moorabool,45 - 54 years,74
2022,June,Moorabool,55+ years,62
2022,June,Mornington Peninsula,00 - 17 years,156
2022,June,Mornington Peninsula,18 - 24 years,178
2022,June,Mornington Peninsula,25 - 34 years,352
2022,June,Mornington Peninsula,35 - 44 years,502
2022,June,Mornington Peninsula,45 - 54 years,405
2022,June,Mornington Peninsula,55+ years,424
2022,June,Mount Alexander,00 - 17 years,26
2022,June,Mount Alexander,18 - 24 years,15
2022,June,Mount Alexander,25 - 34 years,34
2022,June,Mount Alexander,35 - 44 years,36
2022,June,Mount Alexander,45 - 54 years,34
2022,June,Mount Alexander,55+ years,38
2022,June,Moyne,00 - 17 years,19
2022,June,Moyne,18 - 24 years,24
2022,June,Moyne,25 - 34 years,32
2022,June,Moyne,35 - 44 years,29
2022,June,Moyne,45 - 54 years,37
2022,June,Moyne,55+ years,29
2022,June,Murrindindi,00 - 17 years,18
2022,June,Murrindindi,18 - 24 years,8
2022,June,Murrindindi,25 - 34 years,49
2022,June,Murrindindi,35 - 44 years,58
2022,June,Murrindindi,45 - 54 years,38
2022,June,Murrindindi,55+ years,39
2022,June,Nillumbik,00 - 17 years,31
2022,June,Nillumbik,18 - 24 years,44
2022,June,Nillumbik,25 - 34 years,69
2022,June,Nillumbik,35 - 44 years,99
2022,June,Nillumbik,45 - 54 years,103
2022,June,Nillumbik,55+ years,94
2022,June,Northern Grampians,00 - 17 years,28
2022,June,Northern Grampians,18 - 24 years,48
2022,June,Northern Grampians,25 - 34 years,47
2022,June,Northern Grampians,35 - 44 years,59
2022,June,Northern Grampians,45 - 54 years,49
2022,June,Northern Grampians,55+ years,40
2022,June,Port Phillip,00 - 17 years,96
2022,June,Port Phillip,18 - 24 years,184
2022,June,Port Phillip,25 - 34 years,355
2022,June,Port Phillip,35 - 44 years,361
2022,June,Port Phillip,45 - 54 years,265
2022,June,Port Phillip,55+ years,130
2022,June,Pyrenees,00 - 17 years,5
2022,June,Pyrenees,18 - 24 years,8
2022,June,Pyrenees,25 - 34 years,10
2022,June,Pyrenees,35 - 44 years,15
2022,June,Pyrenees,45 - 54 years,16
2022,June,Pyrenees,55+ years,30
2022,June,Queenscliffe,00 - 17 years,
2022,June,Queenscliffe,25 - 34 years,
2022,June,Queenscliffe,35 - 44 years,
2022,June,Queenscliffe,45 - 54 years,
2022,June,Queenscliffe,55+ years,
2022,June,South Gippsland,00 - 17 years,42
2022,June,South Gippsland,18 - 24 years,59
2022,June,South Gippsland,25 - 34 years,106
2022,June,South Gippsland,35 - 44 years,123
2022,June,South Gippsland,45 - 54 years,101
2022,June,South Gippsland,55+ years,99
2022,June,Southern Grampians,00 - 17 years,22
2022,June,Southern Grampians,18 - 24 years,53
2022,June,Southern Grampians,25 - 34 years,47
2022,June,Southern Grampians,35 - 44 years,50
2022,June,Southern Grampians,45 - 54 years,31
2022,June,Southern Grampians,55+ years,34
2022,June,Stonnington,00 - 17 years,78
2022,June,Stonnington,18 - 24 years,99
2022,June,Stonnington,25 - 34 years,225
2022,June,Stonnington,35 - 44 years,219
2022,June,Stonnington,45 - 54 years,177
2022,June,Stonnington,55+ years,91
2022,June,Strathbogie,00 - 17 years,18
2022,June,Strathbogie,18 - 24 years,8
2022,June,Strathbogie,25 - 34 years,29
2022,June,Strathbogie,35 - 44 years,55
2022,June,Strathbogie,45 - 54 years,29
2022,June,Strathbogie,55+ years,25
2022,June,Surf Coast,00 - 17 years,24
2022,June,Surf Coast,18 - 24 years,23
2022,June,Surf Coast,25 - 34 years,51
2022,June,Surf Coast,35 - 44 years,91
2022,June,Surf Coast,45 - 54 years,64
2022,June,Surf Coast,55+ years,49
2022,June,Swan Hill,00 - 17 years,52
2022,June,Swan Hill,18 - 24 years,84
2022,June,Swan Hill,25 - 34 years,166
2022,June,Swan Hill,35 - 44 years,110
2022,June,Swan Hill,45 - 54 years,100
2022,June,Swan Hill,55+ years,82
2022,June,Towong,00 - 17 years,6
2022,June,Towong,18 - 24 years,6
2022,June,Towong,25 - 34 years,5
2022,June,Towong,35 - 44 years,2
2022,June,Towong,45 - 54 years,9
2022,June,Towong,55+ years,2
2022,June,Wangaratta,00 - 17 years,75
2022,June,Wangaratta,18 - 24 years,77
2022,June,Wangaratta,25 - 34 years,135
2022,June,Wangaratta,35 - 44 years,141
2022,June,Wangaratta,45 - 54 years,106
2022,June,Wangaratta,55+ years,78
2022,June,Warrnambool,00 - 17 years,69
2022,June,Warrnambool,18 - 24 years,99
2022,June,Warrnambool,25 - 34 years,170
2022,June,Warrnambool,35 - 44 years,133
2022,June,Warrnambool,45 - 54 years,115
2022,June,Warrnambool,55+ years,61
2022,June,Wellington,00 - 17 years,130
2022,June,Wellington,18 - 24 years,132
2022,June,Wellington,25 - 34 years,267
2022,June,Wellington,35 - 44 years,281
2022,June,Wellington,45 - 54 years,194
2022,June,Wellington,55+ years,206
2022,June,West Wimmera,00 - 17 years,4
2022,June,West Wimmera,18 - 24 years,2
2022,June,West Wimmera,25 - 34 years,7
2022,June,West Wimmera,35 - 44 years,14
2022,June,West Wimmera,45 - 54 years,8
2022,June,West Wimmera,55+ years,9
2022,June,Whitehorse,00 - 17 years,166
2022,June,Whitehorse,18 - 24 years,152
2022,June,Whitehorse,25 - 34 years,297
2022,June,Whitehorse,35 - 44 years,277
2022,June,Whitehorse,45 - 54 years,230
2022,June,Whitehorse,55+ years,245
2022,June,Whittlesea,00 - 17 years,158
2022,June,Whittlesea,18 - 24 years,321
2022,June,Whittlesea,25 - 34 years,785
2022,June,Whittlesea,35 - 44 years,761
2022,June,Whittlesea,45 - 54 years,508
2022,June,Whittlesea,55+ years,391
2022,June,Wodonga,00 - 17 years,139
2022,June,Wodonga,18 - 24 years,136
2022,June,Wodonga,25 - 34 years,230
2022,June,Wodonga,35 - 44 years,189
2022,June,Wodonga,45 - 54 years,115
2022,June,Wodonga,55+ years,99
2022,June,Wyndham,00 - 17 years,291
2022,June,Wyndham,18 - 24 years,540
2022,June,Wyndham,25 - 34 years,1203
2022,June,Wyndham,35 - 44 years,1046
2022,June,Wyndham,45 - 54 years,529
2022,June,Wyndham,55+ years,370
2022,June,Yarra,00 - 17 years,71
2022,June,Yarra,18 - 24 years,140
2022,June,Yarra,25 - 34 years,314
2022,June,Yarra,35 - 44 years,222
2022,June,Yarra,45 - 54 years,228
2022,June,Yarra,55+ years,142
2022,June,Yarra Ranges,00 - 17 years,218
2022,June,Yarra Ranges,18 - 24 years,173
2022,June,Yarra Ranges,25 - 34 years,383
2022,June,Yarra Ranges,35 - 44 years,438
2022,June,Yarra Ranges,45 - 54 years,401
2022,June,Yarra Ranges,55+ years,332
2022,June,Yarriambiack,00 - 17 years,20
2022,June,Yarriambiack,18 - 24 years,6
2022,June,Yarriambiack,25 - 34 years,24
2022,June,Yarriambiack,35 - 44 years,20
2022,June,Yarriambiack,45 - 54 years,18
2022,June,Yarriambiack,55+ years,9
2021,June,Alpine,00 - 17 years,19
2021,June,Alpine,18 - 24 years,11
2021,June,Alpine,25 - 34 years,28
2021,June,Alpine,35 - 44 years,42
2021,June,Alpine,45 - 54 years,25
2021,June,Alpine,55+ years,28
2021,June,Ararat,00 - 17 years,26
2021,June,Ararat,18 - 24 years,53
2021,June,Ararat,25 - 34 years,79
2021,June,Ararat,35 - 44 years,74
2021,June,Ararat,45 - 54 years,59
2021,June,Ararat,55+ years,36
2021,June,Ballarat,00 - 17 years,187
2021,June,Ballarat,18 - 24 years,385
2021,June,Ballarat,25 - 34 years,624
2021,June,Ballarat,35 - 44 years,508
2021,June,Ballarat,45 - 54 years,415
2021,June,Ballarat,55+ years,223
2021,June,Banyule,00 - 17 years,104
2021,June,Banyule,18 - 24 years,135
2021,June,Banyule,25 - 34 years,257
2021,June,Banyule,35 - 44 years,358
2021,June,Banyule,45 - 54 years,236
2021,June,Banyule,55+ years,250
2021,June,Bass Coast,00 - 17 years,71
2021,June,Bass Coast,18 - 24 years,100
2021,June,Bass Coast,25 - 34 years,220
2021,June,Bass Coast,35 - 44 years,203
2021,June,Bass Coast,45 - 54 years,178
2021,June,Bass Coast,55+ years,183
2021,June,Baw Baw,00 - 17 years,81
2021,June,Baw Baw,18 - 24 years,141
2021,June,Baw Baw,25 - 34 years,250
2021,June,Baw Baw,35 - 44 years,226
2021,June,Baw Baw,45 - 54 years,174
2021,June,Baw Baw,55+ years,146
2021,June,Bayside,00 - 17 years,79
2021,June,Bayside,18 - 24 years,48
2021,June,Bayside,25 - 34 years,116
2021,June,Bayside,35 - 44 years,177
2021,June,Bayside,45 - 54 years,178
2021,June,Bayside,55+ years,133
2021,June,Benalla,00 - 17 years,59
2021,June,Benalla,18 - 24 years,48
2021,June,Benalla,25 - 34 years,89
2021,June,Benalla,35 - 44 years,93
2021,June,Benalla,45 - 54 years,44
2021,June,Benalla,55+ years,51
2021,June,Boroondara,00 - 17 years,131
2021,June,Boroondara,18 - 24 years,104
2021,June,Boroondara,25 - 34 years,185
2021,June,Boroondara,35 - 44 years,148
2021,June,Boroondara,45 - 54 years,197
2021,June,Boroondara,55+ years,201
2021,June,Brimbank,00 - 17 years,162
2021,June,Brimbank,18 - 24 years,359
2021,June,Brimbank,25 - 34 years,676
2021,June,Brimbank,35 - 44 years,754
2021,June,Brimbank,45 - 54 years,485
2021,June,Brimbank,55+ years,526
2021,June,Buloke,00 - 17 years,4
2021,June,Buloke,18 - 24 years,9
2021,June,Buloke,25 - 34 years,10
2021,June,Buloke,35 - 44 years,17
2021,June,Buloke,45 - 54 years,17
2021,June,Buloke,55+ years,15
2021,June,Campaspe,00 - 17 years,91
2021,June,Campaspe,18 - 24 years,108
2021,June,Campaspe,25 - 34 years,199
2021,June,Campaspe,35 - 44 years,152
2021,June,Campaspe,45 - 54 years,122
2021,June,Campaspe,55+ years,96
2021,June,Cardinia,00 - 17 years,131
2021,June,Cardinia,18 - 24 years,210
2021,June,Cardinia,25 - 34 years,417
2021,June,Cardinia,35 - 44 years,405
2021,June,Cardinia,45 - 54 years,221
2021,June,Cardinia,55+ years,154
2021,June,Casey,00 - 17 years,357
2021,June,Casey,18 - 24 years,770
2021,June,Casey,25 - 34 years,1447
2021,June,Casey,35 - 44 years,1324
2021,June,Casey,45 - 54 years,888
2021,June,Casey,55+ years,639
2021,June,Central Goldfields,00 - 17 years,35
2021,June,Central Goldfields,18 - 24 years,47
2021,June,Central Goldfields,25 - 34 years,67
2021,June,Central Goldfields,35 - 44 years,43
2021,June,Central Goldfields,45 - 54 years,65
2021,June,Central Goldfields,55+ years,59
2021,June,Colac-Otway,00 - 17 years,24
2021,June,Colac-Otway,18 - 24 years,57
2021,June,Colac-Otway,25 - 34 years,103
2021,June,Colac-Otway,35 - 44 years,100
2021,June,Colac-Otway,45 - 54 years,81
2021,June,Colac-Otway,55+ years,49
2021,June,Corangamite,00 - 17 years,9
2021,June,Corangamite,18 - 24 years,23
2021,June,Corangamite,25 - 34 years,38
2021,June,Corangamite,35 - 44 years,38
2021,June,Corangamite,45 - 54 years,14
2021,June,Corangamite,55+ years,23
2021,June,Darebin,00 - 17 years,91
2021,June,Darebin,18 - 24 years,217
2021,June,Darebin,25 - 34 years,437
2021,June,Darebin,35 - 44 years,457
2021,June,Darebin,45 - 54 years,327
2021,June,Darebin,55+ years,323
2021,June,East Gippsland,00 - 17 years,157
2021,June,East Gippsland,18 - 24 years,228
2021,June,East Gippsland,25 - 34 years,364
2021,June,East Gippsland,35 - 44 years,361
2021,June,East Gippsland,45 - 54 years,223
2021,June,East Gippsland,55+ years,213
2021,June,Frankston,00 - 17 years,214
2021,June,Frankston,18 - 24 years,271
2021,June,Frankston,25 - 34 years,657
2021,June,Frankston,35 - 44 years,706
2021,June,Frankston,45 - 54 years,498
2021,June,Frankston,55+ years,347
2021,June,Gannawarra,00 - 17 years,11
2021,June,Gannawarra,18 - 24 years,24
2021,June,Gannawarra,25 - 34 years,43
2021,June,Gannawarra,35 - 44 years,52
2021,June,Gannawarra,45 - 54 years,30
2021,June,Gannawarra,55+ years,30
2021,June,Glen Eira,00 - 17 years,138
2021,June,Glen Eira,18 - 24 years,110
2021,June,Glen Eira,25 - 34 years,193
2021,June,Glen Eira,35 - 44 years,255
2021,June,Glen Eira,45 - 54 years,220
2021,June,Glen Eira,55+ years,166
2021,June,Glenelg,00 - 17 years,39
2021,June,Glenelg,18 - 24 years,46
2021,June,Glenelg,25 - 34 years,77
2021,June,Glenelg,35 - 44 years,116
2021,June,Glenelg,45 - 54 years,85
2021,June,Glenelg,55+ years,65
2021,June,Golden Plains,00 - 17 years,30
2021,June,Golden Plains,18 - 24 years,13
2021,June,Golden Plains,25 - 34 years,26
2021,June,Golden Plains,35 - 44 years,51
2021,June,Golden Plains,45 - 54 years,43
2021,June,Golden Plains,55+ years,25
2021,June,Greater Bendigo,00 - 17 years,276
2021,June,Greater Bendigo,18 - 24 years,359
2021,June,Greater Bendigo,25 - 34 years,638
2021,June,Greater Bendigo,35 - 44 years,582
2021,June,Greater Bendigo,45 - 54 years,388
2021,June,Greater Bendigo,55+ years,270
2021,June,Greater Dandenong,00 - 17 years,186
2021,June,Greater Dandenong,18 - 24 years,371
2021,June,Greater Dandenong,25 - 34 years,749
2021,June,Greater Dandenong,35 - 44 years,653
2021,June,Greater Dandenong,45 - 54 years,470
2021,June,Greater Dandenong,55+ years,333
2021,June,Greater Geelong,00 - 17 years,335
2021,June,Greater Geelong,18 - 24 years,630
2021,June,Greater Geelong,25 - 34 years,1056
2021,June,Greater Geelong,35 - 44 years,945
2021,June,Greater Geelong,45 - 54 years,717
2021,June,Greater Geelong,55+ years,579
2021,June,Greater Shepparton,00 - 17 years,137
2021,June,Greater Shepparton,18 - 24 years,230
2021,June,Greater Shepparton,25 - 34 years,437
2021,June,Greater Shepparton,35 - 44 years,410
2021,June,Greater Shepparton,45 - 54 years,239
2021,June,Greater Shepparton,55+ years,154
2021,June,Hepburn,00 - 17 years,14
2021,June,Hepburn,18 - 24 years,18
2021,June,Hepburn,25 - 34 years,27
2021,June,Hepburn,35 - 44 years,55
2021,June,Hepburn,45 - 54 years,19
2021,June,Hepburn,55+ years,34
2021,June,Hindmarsh,00 - 17 years,12
2021,June,Hindmarsh,18 - 24 years,9
2021,June,Hindmarsh,25 - 34 years,43
2021,June,Hindmarsh,35 - 44 years,16
2021,June,Hindmarsh,45 - 54 years,22
2021,June,Hindmarsh,55+ years,7
2021,June,Hobsons Bay,00 - 17 years,80
2021,June,Hobsons Bay,18 - 24 years,130
2021,June,Hobsons Bay,25 - 34 years,245
2021,June,Hobsons Bay,35 - 44 years,264
2021,June,Hobsons Bay,45 - 54 years,218
2021,June,Hobsons Bay,55+ years,134
2021,June,Horsham,00 - 17 years,55
2021,June,Horsham,18 - 24 years,103
2021,June,Horsham,25 - 34 years,140
2021,June,Horsham,35 - 44 years,97
2021,June,Horsham,45 - 54 years,83
2021,June,Horsham,55+ years,53
2021,June,Hume,00 - 17 years,363
2021,June,Hume,18 - 24 years,489
2021,June,Hume,25 - 34 years,1122
2021,June,Hume,35 - 44 years,949
2021,June,Hume,45 - 54 years,644
2021,June,Hume,55+ years,560
2021,June,Indigo,00 - 17 years,23
2021,June,Indigo,18 - 24 years,14
2021,June,Indigo,25 - 34 years,35
2021,June,Indigo,35 - 44 years,32
2021,June,Indigo,45 - 54 years,19
2021,June,Indigo,55+ years,35
2021,June,Kingston,00 - 17 years,187
2021,June,Kingston,18 - 24 years,153
2021,June,Kingston,25 - 34 years,328
2021,June,Kingston,35 - 44 years,409
2021,June,Kingston,45 - 54 years,312
2021,June,Kingston,55+ years,285
2021,June,Knox,00 - 17 years,216
2021,June,Knox,18 - 24 years,197
2021,June,Knox,25 - 34 years,450
2021,June,Knox,35 - 44 years,443
2021,June,Knox,45 - 54 years,329
2021,June,Knox,55+ years,284
2021,June,Latrobe,00 - 17 years,269
2021,June,Latrobe,18 - 24 years,418
2021,June,Latrobe,25 - 34 years,655
2021,June,Latrobe,35 - 44 years,553
2021,June,Latrobe,45 - 54 years,319
2021,June,Latrobe,55+ years,277
2021,June,Loddon,00 - 17 years,7
2021,June,Loddon,18 - 24 years,12
2021,June,Loddon,25 - 34 years,19
2021,June,Loddon,35 - 44 years,41
2021,June,Loddon,45 - 54 years,25
2021,June,Loddon,55+ years,31
2021,June,Macedon Ranges,00 - 17 years,41
2021,June,Macedon Ranges,18 - 24 years,30
2021,June,Macedon Ranges,25 - 34 years,93
2021,June,Macedon Ranges,35 - 44 years,100
2021,June,Macedon Ranges,45 - 54 years,114
2021,June,Macedon Ranges,55+ years,57
2021,June,Manningham,00 - 17 years,145
2021,June,Manningham,18 - 24 years,68
2021,June,Manningham,25 - 34 years,141
2021,June,Manningham,35 - 44 years,206
2021,June,Manningham,45 - 54 years,189
2021,June,Manningham,55+ years,148
2021,June,Mansfield,00 - 17 years,12
2021,June,Mansfield,18 - 24 years,6
2021,June,Mansfield,25 - 34 years,6
2021,June,Mansfield,35 - 44 years,45
2021,June,Mansfield,45 - 54 years,30
2021,June,Mansfield,55+ years,19
2021,June,Maribyrnong,00 - 17 years,48
2021,June,Maribyrnong,18 - 24 years,121
2021,June,Maribyrnong,25 - 34 years,289
2021,June,Maribyrnong,35 - 44 years,198
2021,June,Maribyrnong,45 - 54 years,198
2021,June,Maribyrnong,55+ years,107
2021,June,Maroondah,00 - 17 years,158
2021,June,Maroondah,18 - 24 years,166
2021,June,Maroondah,25 - 34 years,293
2021,June,Maroondah,35 - 44 years,343
2021,June,Maroondah,45 - 54 years,235
2021,June,Maroondah,55+ years,192
2021,June,Melbourne,00 - 17 years,86
2021,June,Melbourne,18 - 24 years,429
2021,June,Melbourne,25 - 34 years,732
2021,June,Melbourne,35 - 44 years,477
2021,June,Melbourne,45 - 54 years,269
2021,June,Melbourne,55+ years,121
2021,June,Melton,00 - 17 years,188
2021,June,Melton,18 - 24 years,432
2021,June,Melton,25 - 34 years,796
2021,June,Melton,35 - 44 years,823
2021,June,Melton,45 - 54 years,494
2021,June,Melton,55+ years,319
2021,June,Merri-bek,00 - 17 years,134
2021,June,Merri-bek,18 - 24 years,249
2021,June,Merri-bek,25 - 34 years,434
2021,June,Merri-bek,35 - 44 years,419
2021,June,Merri-bek,45 - 54 years,387
2021,June,Merri-bek,55+ years,283
2021,June,Mildura,00 - 17 years,131
2021,June,Mildura,18 - 24 years,241
2021,June,Mildura,25 - 34 years,458
2021,June,Mildura,35 - 44 years,353
2021,June,Mildura,45 - 54 years,245
2021,June,Mildura,55+ years,186
2021,June,Mitchell,00 - 17 years,122
2021,June,Mitchell,18 - 24 years,122
2021,June,Mitchell,25 - 34 years,284
2021,June,Mitchell,35 - 44 years,327
2021,June,Mitchell,45 - 54 years,226
2021,June,Mitchell,55+ years,136
2021,June,Moira,00 - 17 years,34
2021,June,Moira,18 - 24 years,59
2021,June,Moira,25 - 34 years,126
2021,June,Moira,35 - 44 years,130
2021,June,Moira,45 - 54 years,87
2021,June,Moira,55+ years,56
2021,June,Monash,00 - 17 years,210
2021,June,Monash,18 - 24 years,208
2021,June,Monash,25 - 34 years,374
2021,June,Monash,35 - 44 years,383
2021,June,Monash,45 - 54 years,322
2021,June,Monash,55+ years,287
2021,June,Moonee Valley,00 - 17 years,93
2021,June,Moonee Valley,18 - 24 years,144
2021,June,Moonee Valley,25 - 34 years,300
2021,June,Moonee Valley,35 - 44 years,246
2021,June,Moonee Valley,45 - 54 years,257
2021,June,Moonee Valley,55+ years,182
2021,June,Moorabool,00 - 17 years,46
2021,June,Moorabool,18 - 24 years,47
2021,June,Moorabool,25 - 34 years,128
2021,June,Moorabool,35 - 44 years,116
2021,June,Moorabool,45 - 54 years,93
2021,June,Moorabool,55+ years,76
2021,June,Mornington Peninsula,00 - 17 years,174
2021,June,Mornington Peninsula,18 - 24 years,194
2021,June,Mornington Peninsula,25 - 34 years,405
2021,June,Mornington Peninsula,35 - 44 years,460
2021,June,Mornington Peninsula,45 - 54 years,479
2021,June,Mornington Peninsula,55+ years,422
2021,June,Mount Alexander,00 - 17 years,19
2021,June,Mount Alexander,18 - 24 years,15
2021,June,Mount Alexander,25 - 34 years,31
2021,June,Mount Alexander,35 - 44 years,52
2021,June,Mount Alexander,45 - 54 years,36
2021,June,Mount Alexander,55+ years,44
2021,June,Moyne,00 - 17 years,17
2021,June,Moyne,18 - 24 years,36
2021,June,Moyne,25 - 34 years,40
2021,June,Moyne,35 - 44 years,35
2021,June,Moyne,45 - 54 years,33
2021,June,Moyne,55+ years,27
2021,June,Murrindindi,00 - 17 years,18
2021,June,Murrindindi,18 - 24 years,16
2021,June,Murrindindi,25 - 34 years,41
2021,June,Murrindindi,35 - 44 years,54
2021,June,Murrindindi,45 - 54 years,35
2021,June,Murrindindi,55+ years,40
2021,June,Nillumbik,00 - 17 years,38
2021,June,Nillumbik,18 - 24 years,50
2021,June,Nillumbik,25 - 34 years,75
2021,June,Nillumbik,35 - 44 years,124
2021,June,Nillumbik,45 - 54 years,123
2021,June,Nillumbik,55+ years,90
2021,June,Northern Grampians,00 - 17 years,20
2021,June,Northern Grampians,18 - 24 years,74
2021,June,Northern Grampians,25 - 34 years,64
2021,June,Northern Grampians,35 - 44 years,65
2021,June,Northern Grampians,45 - 54 years,37
2021,June,Northern Grampians,55+ years,36
2021,June,Port Phillip,00 - 17 years,89
2021,June,Port Phillip,18 - 24 years,129
2021,June,Port Phillip,25 - 34 years,401
2021,June,Port Phillip,35 - 44 years,357
2021,June,Port Phillip,45 - 54 years,258
2021,June,Port Phillip,55+ years,151
2021,June,Pyrenees,00 - 17 years,7
2021,June,Pyrenees,18 - 24 years,10
2021,June,Pyrenees,25 - 34 years,24
2021,June,Pyrenees,35 - 44 years,25
2021,June,Pyrenees,45 - 54 years,22
2021,June,Pyrenees,55+ years,23
2021,June,Queenscliffe,00 - 17 years,
2021,June,Queenscliffe,18 - 24 years,
2021,June,Queenscliffe,25 - 34 years,
2021,June,Queenscliffe,35 - 44 years,
2021,June,Queenscliffe,45 - 54 years,
2021,June,Queenscliffe,55+ years,
2021,June,South Gippsland,00 - 17 years,57
2021,June,South Gippsland,18 - 24 years,53
2021,June,South Gippsland,25 - 34 years,124
2021,June,South Gippsland,35 - 44 years,128
2021,June,South Gippsland,45 - 54 years,111
2021,June,South Gippsland,55+ years,55
2021,June,Southern Grampians,00 - 17 years,20
2021,June,Southern Grampians,18 - 24 years,53
2021,June,Southern Grampians,25 - 34 years,69
2021,June,Southern Grampians,35 - 44 years,58
2021,June,Southern Grampians,45 - 54 years,65
2021,June,Southern Grampians,55+ years,39
2021,June,Stonnington,00 - 17 years,75
2021,June,Stonnington,18 - 24 years,107
2021,June,Stonnington,25 - 34 years,283
2021,June,Stonnington,35 - 44 years,246
2021,June,Stonnington,45 - 54 years,180
2021,June,Stonnington,55+ years,107
2021,June,Strathbogie,00 - 17 years,18
2021,June,Strathbogie,18 - 24 years,9
2021,June,Strathbogie,25 - 34 years,41
2021,June,Strathbogie,35 - 44 years,62
2021,June,Strathbogie,45 - 54 years,20
2021,June,Strathbogie,55+ years,28
2021,June,Surf Coast,00 - 17 years,20
2021,June,Surf Coast,18 - 24 years,17
2021,June,Surf Coast,25 - 34 years,51
2021,June,Surf Coast,35 - 44 years,58
2021,June,Surf Coast,45 - 54 years,78
2021,June,Surf Coast,55+ years,59
2021,June,Swan Hill,00 - 17 years,57
2021,June,Swan Hill,18 - 24 years,95
2021,June,Swan Hill,25 - 34 years,199
2021,June,Swan Hill,35 - 44 years,122
2021,June,Swan Hill,45 - 54 years,95
2021,June,Swan Hill,55+ years,104
2021,June,Towong,00 - 17 years,4
2021,June,Towong,18 - 24 years,4
2021,June,Towong,25 - 34 years,18
2021,June,Towong,35 - 44 years,17
2021,June,Towong,45 - 54 years,10
2021,June,Towong,55+ years,13
2021,June,Wangaratta,00 - 17 years,72
2021,June,Wangaratta,18 - 24 years,83
2021,June,Wangaratta,25 - 34 years,135
2021,June,Wangaratta,35 - 44 years,146
2021,June,Wangaratta,45 - 54 years,122
2021,June,Wangaratta,55+ years,70
2021,June,Warrnambool,00 - 17 years,67
2021,June,Warrnambool,18 - 24 years,91
2021,June,Warrnambool,25 - 34 years,150
2021,June,Warrnambool,35 - 44 years,115
2021,June,Warrnambool,45 - 54 years,143
2021,June,Warrnambool,55+ years,70
2021,June,Wellington,00 - 17 years,114
2021,June,Wellington,18 - 24 years,193
2021,June,Wellington,25 - 34 years,296
2021,June,Wellington,35 - 44 years,319
2021,June,Wellington,45 - 54 years,204
2021,June,Wellington,55+ years,200
2021,June,West Wimmera,00 - 17 years,9
2021,June,West Wimmera,18 - 24 years,2
2021,June,West Wimmera,25 - 34 years,5
2021,June,West Wimmera,35 - 44 years,16
2021,June,West Wimmera,45 - 54 years,6
2021,June,West Wimmera,55+ years,5
2021,June,Whitehorse,00 - 17 years,176
2021,June,Whitehorse,18 - 24 years,153
2021,June,Whitehorse,25 - 34 years,298
2021,June,Whitehorse,35 - 44 years,283
2021,June,Whitehorse,45 - 54 years,278
2021,June,Whitehorse,55+ years,257
2021,June,Whittlesea,00 - 17 years,187
2021,June,Whittlesea,18 - 24 years,388
2021,June,Whittlesea,25 - 34 years,870
2021,June,Whittlesea,35 - 44 years,841
2021,June,Whittlesea,45 - 54 years,523
2021,June,Whittlesea,55+ years,462
2021,June,Wodonga,00 - 17 years,120
2021,June,Wodonga,18 - 24 years,119
2021,June,Wodonga,25 - 34 years,214
2021,June,Wodonga,35 - 44 years,156
2021,June,Wodonga,45 - 54 years,103
2021,June,Wodonga,55+ years,54
2021,June,Wyndham,00 - 17 years,278
2021,June,Wyndham,18 - 24 years,599
2021,June,Wyndham,25 - 34 years,1141
2021,June,Wyndham,35 - 44 years,966
2021,June,Wyndham,45 - 54 years,585
2021,June,Wyndham,55+ years,344
2021,June,Yarra,00 - 17 years,86
2021,June,Yarra,18 - 24 years,127
2021,June,Yarra,25 - 34 years,283
2021,June,Yarra,35 - 44 years,266
2021,June,Yarra,45 - 54 years,205
2021,June,Yarra,55+ years,182
2021,June,Yarra Ranges,00 - 17 years,227
2021,June,Yarra Ranges,18 - 24 years,183
2021,June,Yarra Ranges,25 - 34 years,337
2021,June,Yarra Ranges,35 - 44 years,375
2021,June,Yarra Ranges,45 - 54 years,316
2021,June,Yarra Ranges,55+ years,266
2021,June,Yarriambiack,00 - 17 years,13
2021,June,Yarriambiack,18 - 24 years,10
2021,June,Yarriambiack,25 - 34 years,21
2021,June,Yarriambiack,35 - 44 years,21
2021,June,Yarriambiack,45 - 54 years,22
2021,June,Yarriambiack,55+ years,16
